year,state_po,district,COUNTA of Key,Race key,Democrat name,Republican name,Experience (D),Experience (R),Campaign finance (D),Campaign finance (R),candidates votes (D),Candidates votes (R)
2018,AK,0,2,AK_0_2018,ALYSE S GALVIN,DON YOUNG,2,46,1943398.59,1387687.05,131199,149779
2018,AL,1,2,AL_1_2018,ROBERT KENNEDY JR,BRADLEY BYRNE,0,6,166845.21,834780.43,89226,153228
2018,AL,2,2,AL_2_2018,TABITHA ISNER,MARTHA ROBY,0,10,524941.35,2277448.83,86931,138879
2018,AL,3,2,AL_3_2018,MALLORY HAGAN,MIKE ROGERS,0,20,464472.2,1348278.3,83996,147770
2018,AL,4,2,AL_4_2018,LEE AUMAN,ROBERT ADERHOLT,0,26,77551.69,1300365.01,46492,184255
2018,AL,5,2,AL_5_2018,PETER JOFFRION,MO BROOKS,0,12,587237.93,2006001.97,101388,159063
2018,AL,6,2,AL_6_2018,DANNER KLINE,GARY PALMER,0,8,287432.23,1496359.76,85644,192542
2018,AR,1,2,AR_1_2018,CHINTAN DESAI,RICK CRAWFORD,0,12,137153.22,966616.64,57907,138757
2018,AR,2,2,AR_2_2018,CLARKE TUCKER,FRENCH HILL,0,8,2359234.62,3536453.22,116135,132125
2018,AR,3,2,AR_3_2018,JOSH MAHONY,STEVE WOMACK,0,12,265214.3,1218424.03,74952,148717
2018,AR,4,2,AR_4_2018,HAYDEN CATHERINE SHAMEL,BRUCE WESTERMAN,0,8,155049.94,1297141.11,63984,136740
2018,AZ,1,2,AZ_1_2018,TOM O'HALLERAN,WENDY ROGERS,6,6,2760247.97,1427124.4,143240,122784
2018,AZ,2,2,AZ_2_2018,ANN KIRKPATRICK,LEA MARQUEZ PETERSON,14,0,4519793.32,12697,161000,133083
2018,AZ,3,2,AZ_3_2018,RAUL GRIJALVA,"NICOLAS ""NICK"" PIERSON",20,0,733300.37,71640.5,114650,64868
2018,AZ,4,2,AZ_4_2018,DAVID BRILL,PAUL GOSAR,0,12,598541.66,575157.87,84521,188842
2018,AZ,5,2,AZ_5_2018,JOAN GREENE,ANDY BIGGS,4,6,199163.32,552967.73,127027,186037
2018,AZ,6,2,AZ_6_2018,ANITA MALIK,DAVID SCHWEIKERT,2,28,391755.8,1773912.37,140559,173140
2018,CA,1,2,CA_1_2018,AUDREY DENNEY,DOUG LA MALFA,2,10,1097092.46,1179453.85,131548,160046
2018,CA,2,2,CA_2_2018,JARED HUFFMAN,DALE K MENSING,10,6,731368.14,3729.25,243081,72576
2018,CA,3,2,CA_3_2018,JOHN GARAMENDI,CHARLIE SCHAUPP,12,22,839434.81,27158.94,134875,97376
2018,CA,4,2,CA_4_2018,JESSICA MORSE,TOM MCCLINTOCK,0,36,3711060.21,1800346.86,156253,184401
2018,CA,6,2,CA_6_2018,DORIS MATSUI,Null,16,Null,1118818.56,Null,162411,Null
2018,CA,7,2,CA_7_2018,AMI BERA,ANDREW GRANT,12,0,1769089.63,549841.35,155016,126601
2018,CA,8,2,CA_8_2018,Null,PAUL COOK,Null,8,Null,1409426.35,Null,102415
2018,CA,9,2,CA_9_2018,JERRY MCNERNEY,MARLA LIVENGOOD,18,0,1285784.91,97462.93,113414,87349
2018,CA,10,2,CA_10_2018,JOSH HARDER,JEFF DENHAM,4,12,8421288.43,4932044.09,115945,105955
2018,CA,11,2,CA_11_2018,MARK DESAULNIER,JOHN FITZGERALD,12,8,489011.76,0,204369,71312
2018,CA,12,2,CA_12_2018,NANCY PELOSI,LISA REMMER,34,0,5438034.69,22442.61,275292,41780
2018,CA,14,2,CA_14_2018,JACKIE SPEIER,CRISTINA OSMENA,14,0,748371.32,0,211384,55439
2018,CA,15,2,CA_15_2018,ERIC SWALWELL,RUDY L PETERS JR,10,0,2462007.82,56807.88,177989,65940
2018,CA,16,2,CA_16_2018,JIM COSTA,ELIZABETH HENG,18,0,2363583.43,1267197.95,82266,60693
2018,CA,17,2,CA_17_2018,RO KHANNA,RON COHEN,18,2,1922134.46,3590,159105,52057
2018,CA,18,2,CA_18_2018,ANNA G ESHOO,CHRISTINE RUSSELL,34,0,1361644.46,0,225142,77096
2018,CA,19,2,CA_19_2018,ZOE LOFGREN,JUSTIN JAMES AGUILERA,28,2,1872385.37,22256.57,162496,57823
2018,CA,21,2,CA_21_2018,TJ COX,DAVID G VALADAO,12,10,0,3255419.06,57239,56377
2018,CA,22,2,CA_22_2018,ANDREW JANZ,DEVIN G NUNES,0,24,9211821.7,11629556.14,105136,117243
2018,CA,23,2,CA_23_2018,TATIANA MATTA,KEVIN MCCARTHY,0,16,106342.6,8249321.58,74661,131113
2018,CA,24,2,CA_24_2018,SALUD CARBAJAL,JUSTIN FAREED,6,4,2077611.91,1513003.06,166550,117881
2018,CA,25,2,CA_25_2018,KATIE HILL,STEVE KNIGHT,2,6,8505044.12,2631813.07,133209,111813
2018,CA,26,2,CA_26_2018,JULIA BROWNLEY,ANTONIO SABATO JR,10,0,1788074.84,350222.64,158216,97210
2018,CA,27,2,CA_27_2018,BRYAN WITT,Null,0,Null,10477.31,Null,42132,Null
2018,CA,28,2,CA_28_2018,ADAM B SCHIFF,JOHNNY J NALBANDIAN,22,0,3660828.23,36332.56,196662,54272
2018,CA,29,2,CA_29_2018,TONY CARDENAS,BENITO BENNY BERNAL,10,2,1483992.48,8476,124697,29995
2018,CA,30,2,CA_30_2018,BRAD SHERMAN,MARK S REED,26,4,549092.26,0,191573,69420
2018,CA,31,2,CA_31_2018,PETE AGUILAR,SEAN FLYNN,10,2,2493817.05,1399111.11,110143,77352
2018,CA,32,2,CA_32_2018,GRACE FLORES NAPOLITANO,JOSHUA M SCOTT,24,2,249008.44,5445.19,121759,55272
2018,CA,33,2,CA_33_2018,TED W LIEU,KENNETH WESTON WRIGHT,8,4,974393.02,161454.23,219091,93769
2018,CA,35,2,CA_35_2018,NORMA J TORRES,CHRISTIAN LEONEL VALIENTE,8,0,628449.31,8221.19,103420,45604
2018,CA,36,2,CA_36_2018,RAUL RUIZ,KIMBERLIN BROWN PELZER,10,0,2512376.46,841751.6,122169,84839
2018,CA,37,2,CA_37_2018,KAREN BASS,RON J BASSILIAN,12,0,829565.75,10147.97,210555,25823
2018,CA,38,2,CA_38_2018,LINDA T SANCHEZ,RYAN DOWNING,20,4,1415533.77,0,139188,62968
2018,CA,39,2,CA_39_2018,GIL CISNEROS,YOUNG KIM,2,4,12183755.2,2902331.5,126002,118391
2018,CA,41,2,CA_41_2018,MARK TAKANO,AJA SMITH,30,4,1100014.99,43652.16,108227,58021
2018,CA,42,2,CA_42_2018,JULIA C PEACOCK,KEN CALVERT,2,40,149914.01,1620855.36,100892,131040
2018,CA,43,2,CA_43_2018,MAXINE WATERS,OMAR NAVARRO,36,6,1389065.63,1045289.5,152272,43780
2018,CA,44,2,CA_44_2018,AJA L BROWN,Null,0,Null,17820.15,Null,45378,Null
2018,CA,45,2,CA_45_2018,KATIE PORTER,MIMI WALTERS,4,6,6891471.01,5280460.18,158906,146383
2018,CA,46,2,CA_46_2018,LOU CORREA,RUSSELL RENE LAMBERT,6,0,565364.85,0,102278,45638
2018,CA,47,2,CA_47_2018,ALAN LOWENTHAL,JOHN BRISCOE,10,4,631673.27,48137.47,143354,77682
2018,CA,48,2,CA_48_2018,HARLEY ROUDA,DANA ROHRABACHER,4,30,8473725.72,2979978.21,157837,136899
2018,CA,49,2,CA_49_2018,MIKE LEVIN,DIANE L HARKEY,4,0,5497153.67,1642058.86,166453,128577
2018,CA,50,2,CA_50_2018,AMMAR CAMPA-NAJJAR,DUNCAN HUNTER,2,12,6428682.95,1822979,125448,134362
2018,CA,51,2,CA_51_2018,JUAN VARGAS,JUAN M HIDALGO JR,30,2,887074.58,70579.68,109527,44301
2018,CA,52,2,CA_52_2018,SCOTT PETERS,OMAR QUDRAT,10,0,2065312.97,372812.13,188992,107015
2018,CA,53,2,CA_53_2018,SUSAN A DAVIS,MORGAN MURTAUGH,20,0,466191.94,94570.86,185667,83127
2018,CO,1,2,CO_1_2018,DIANA DEGETTE,CHARLES CASPER STOCKHAM,26,0,1210039.74,35566.45,272886,85207
2018,CO,2,2,CO_2_2018,JOE NEGUSE,PETER YU,4,0,1064033.62,67708,259608,144901
2018,CO,3,2,CO_3_2018,DIANE MITSCH BUSH,SCOTT R TIPTON,2,14,1345333.87,1669621.45,146426,173205
2018,CO,4,2,CO_4_2018,KAREN MCCORMICK,KEN BUCK,0,8,952913.55,665221.16,145544,224038
2018,CO,5,2,CO_5_2018,STEPHANY ROSE SPAULDING,DOUG LAMBORN,0,16,327139.32,780249.79,126848,184002
2018,CO,6,2,CO_6_2018,JASON CROW,MIKE COFFMAN,4,10,5667236.29,3823933.07,187639,148685
2018,CO,7,2,CO_7_2018,ED PERLMUTTER,MARK BARRINGTON,16,0,1462835.47,54976.96,204260,119734
2018,CT,1,2,CT_1_2018,JOHN B LARSON,JENNIFER T NYE,22,0,1696552.75,0,166155,96024
2018,CT,2,2,CT_2_2018,JOE COURTNEY,DANNY POSTEMSKI JR,20,0,1028800.15,0,167659,102483
2018,CT,3,2,CT_3_2018,ROSA L DELAURO,ANGEL CADENA,32,2,1303898.64,0,163211,95667
2018,CT,4,2,CT_4_2018,JIM HIMES,HARRY ARORA,14,0,1706354.06,754776.65,168726,103175
2018,CT,5,2,CT_5_2018,JAHANA HAYES,MANNY SANTOS,4,0,1306411.7,75953.33,142901,115146
2018,DE,0,2,DE_0_2018,LISA BLUNT ROCHESTER,SCOTT WALKER,6,6,1196085.62,0,227353,125384
2018,FL,1,2,FL_1_2018,JENNIFER M ZIMMERMAN,MATT GAETZ,0,6,65473.96,1264156.93,106199,216189
2018,FL,2,2,FL_2_2018,BOB RACKLEFF,NEAL DUNN,0,6,257237.58,998275.67,96233,199335
2018,FL,3,2,FL_3_2018,YVONNE HAYES HINSON,TED YOHO,0,8,62700.32,798563.78,129880,176616
2018,FL,4,2,FL_4_2018,"GEORGE ""GES"" SELMONT",JOHN H RUTHERFORD,0,6,114302.73,508163.72,123351,248420
2018,FL,5,2,FL_5_2018,AL LAWSON,VIRGINIA FULLER,12,2,716893.53,40413,180527,89799
2018,FL,6,2,FL_6_2018,NANCY SODERBERG,MICHAEL WALTZ,0,4,3222462.35,2146378.61,145758,187891
2018,FL,7,2,FL_7_2018,STEPHANIE MURPHY,MIKE MILLER,6,0,3156143.66,1103414.05,183113,134285
2018,FL,8,2,FL_8_2018,SANJAY PATEL,BILL POSEY,0,14,337972.61,1086761.96,142415,218112
2018,FL,9,2,FL_9_2018,DARREN SOTO,WAYNE LIEBNITZKY,6,2,1534325.41,71507.85,172172,124565
2018,FL,11,2,FL_11_2018,DANA COTTRELL,DANIEL WEBSTER,2,12,87364.23,524574.92,128053,239395
2018,FL,12,2,FL_12_2018,CHRIS HUNTER,GUS MICHAEL BILIRAKIS,0,16,769589.7,2097991.8,132844,194564
2018,FL,13,2,FL_13_2018,CHARLIE CRIST,GEORGE BUCK,6,2,1780937.57,42519.44,182717,134254
2018,FL,15,2,FL_15_2018,KRISTEN CARLSON,ROSS SPANO,0,2,2101885.58,934198.85,134132,151380
2018,FL,16,2,FL_16_2018,DAVID SHAPIRO,VERN BUCHANAN,0,16,2616315.52,4379661.84,164463,197483
2018,FL,17,2,FL_17_2018,ALLEN ELLISON,GREG STEUBE,4,4,4189.53,694037.76,117194,193326
2018,FL,18,2,FL_18_2018,LAUREN BAER,BRIAN MAST,0,6,4599912.62,6047403.46,156454,185905
2018,FL,19,2,FL_19_2018,DAVID HOLDEN,FRANCIS ROONEY,0,4,557122.71,927377,128106,211465
2018,FL,22,2,FL_22_2018,TED DEUTCH,NICOLAS KIMAZ,12,0,1274589.63,202834.66,184634,113049
2018,FL,23,2,FL_23_2018,DEBBIE WASSERMAN SCHULTZ,"JOSEPH ""JOE"" KAUFMAN",18,6,0,499608.62,161611,99446
2018,FL,25,2,FL_25_2018,MARY BARZEE FLORES,MARIO DIAZ-BALART,0,20,1357282.32,811378.83,84173,128672
2018,FL,26,2,FL_26_2018,DEBBIE MUCARSEL-POWELL,CARLOS CURBELO,2,4,4615604.83,5132355.79,119797,115678
2018,FL,27,2,FL_27_2018,DONNA SHALALA,MARIA ELVIRA SALAZAR,2,4,4414481.03,2056401.32,130743,115588
2018,GA,1,2,GA_1_2018,LISA M RING,"EARL L ""BUDDY"" CARTER",2,8,205896.38,1471407.53,105942,144741
2018,GA,2,2,GA_2_2018,SANFORD BISHOP,HERMAN WEST JR,30,0,1273000.02,17109.52,136699,92472
2018,GA,3,2,GA_3_2018,CHUCK ENDERLIN,DREW FERGUSON,0,6,55647.13,1186339.75,101010,191996
2018,GA,4,2,GA_4_2018,"HENRY C ""HANK"" JOHNSON JR",JOE PROFIT,16,2,508416.01,82033.52,227717,61092
2018,GA,6,2,GA_6_2018,LUCY MCBATH,KAREN HANDEL,4,2,2485321.68,8685297.45,160139,156875
2018,GA,7,2,GA_7_2018,CAROLYN BOURDEAUX,ROB WOODALL,4,10,2801216.29,1514245.52,140011,140430
2018,GA,9,2,GA_9_2018,JOSH MCCALL,DOUG COLLINS,0,8,94468.6,758333.4,57912,224661
2018,GA,10,2,GA_10_2018,TABITHA A JOHNSON-GREEN,JODY HICE,4,12,12463.57,623056.89,112339,190396
2018,GA,11,2,GA_11_2018,FLYNN D BROADY JR,BARRY LOUDERMILK,0,8,47106.01,664052.54,118653,191887
2018,GA,12,2,GA_12_2018,FRANCYS JOHNSON,RICK W ALLEN,0,10,282355.12,1149262.52,101503,148986
2018,GA,13,2,GA_13_2018,DAVID SCOTT,DAVID CALLAHAN,20,0,1082428.34,18513,223157,69760
2018,GA,14,2,GA_14_2018,STEVEN LAMAR FOSTER,TOM GRAVES,0,10,8086,1019273.24,53981,175743
2018,HI,1,2,HI_1_2018,ED CASE,CAM CAVASSO,20,0,482824.33,155400.37,134650,42498
2018,HI,2,2,HI_2_2018,TULSI GABBARD,BRIAN EVANS,8,2,1452102.58,0,153271,44850
2018,IA,1,2,IA_1_2018,ABBY FINKENAUER,ROD BLUM,2,6,4572791.56,2774877.78,170342,153442
2018,IA,2,2,IA_2_2018,DAVE LOEBSACK,CHRISTOPHER PETERS,14,2,2354379.5,853952.41,171446,133287
2018,IA,3,2,IA_3_2018,CINDY AXNE,DAVID YOUNG,4,6,5223872.91,2913630.99,175642,167933
2018,IA,4,2,IA_4_2018,JD SCHOLTEN,STEVE KING,2,18,3240682.22,976612.43,147246,157676
2018,ID,1,2,ID_1_2018,CRISTINA MCNEIL,RUSS FULCHER,0,4,0,881601.3,96922,197719
2018,ID,2,2,ID_2_2018,AARON SWISHER,MIKE SIMPSON,2,24,125832.31,993766.72,110381,170274
2018,IL,1,2,IL_1_2018,BOBBY L RUSH,JIMMY LEE TILLMAN II,30,6,320467.16,0,189560,50960
2018,IL,2,2,IL_2_2018,ROBIN KELLY,DAVID MERKLE,9,0,914593.13,0,190684,44567
2018,IL,3,2,IL_3_2018,DANIEL WILLIAM LIPINSKI,ARTHUR J JONES,16,4,2402064.62,0,163053,57885
2018,IL,4,2,IL_4_2018,"JESUS ""CHUY"" GARCIA",MARK WAYNE LORCH,4,0,858055.59,8109.36,143895,22294
2018,IL,5,2,IL_5_2018,MIKE QUIGLEY,TOM HANSON,12,14,1249844.91,0,213992,65134
2018,IL,6,2,IL_6_2018,SEAN CASTEN,PETER J ROSKAM,4,12,6362182.45,7154396.95,169001,146445
2018,IL,7,2,IL_7_2018,DANNY K DAVIS,CRAIG CAMERON,38,2,551754.1,0,215746,30497
2018,IL,8,2,IL_8_2018,RAJA KRISHNAMOORTHI,"JITENDRA ""JD"" DIGANVKER",6,0,1964491.13,51858.55,130054,67073
2018,IL,9,2,IL_9_2018,JANICE D SCHAKOWSKY,JOHN D ELLESON,24,0,1479814.88,0,213368,76983
2018,IL,10,2,IL_10_2018,BRAD SCHNEIDER,DOUGLAS R BENNETT,10,0,3423485.51,291510.64,156540,82124
2018,IL,11,2,IL_11_2018,BILL FOSTER,NICK STELLA,14,2,1767981.86,291449.89,145407,82358
2018,IL,12,2,IL_12_2018,BRENDAN KELLY,MIKE BOST,0,8,3927041.56,2875064.06,118724,134884
2018,IL,13,2,IL_13_2018,BETSY DIRKSEN LONDRIGAN,RODNEY DAVIS,2,10,4257797.06,4016146.61,134458,136516
2018,IL,14,2,IL_14_2018,LAUREN UNDERWOOD,"RANDALL M ""RANDY"" HULTGREN",4,8,4891319.17,2400772.35,156035,141164
2018,IL,15,2,IL_15_2018,KEVIN GAITHER,JOHN M SHIMKUS,2,28,53529.79,1810325.6,74309,181294
2018,IL,16,2,IL_16_2018,SARA DADY,ADAM KINZINGER,0,12,397692.79,2313859.93,104569,151254
2018,IL,17,2,IL_17_2018,CHERI BUSTOS,"WILLIAM W ""BILL"" FAWELL",10,6,3153696.81,30126,142659,87090
2018,IL,18,2,IL_18_2018,JUNIUS RODRIGUEZ,DARIN LAHOOD,2,6,73405.89,1233388.4,95486,195927
2018,IN,1,2,IN_1_2018,PETER J VISCLOSKY,MARK LEYVA,36,24,1054010.12,0,159611,85594
2018,IN,2,2,IN_2_2018,MEL HALL,JACKIE WALORSKI,0,12,4065914.63,2849918.24,103363,125499
2018,IN,3,2,IN_3_2018,COURTNEY TRITCH,JIM BANKS,0,6,852221.6,1129677.09,86610,158927
2018,IN,4,2,IN_4_2018,TOBI BECK,JIM BAIRD,0,4,119335.44,455543.31,87824,156539
2018,IN,5,2,IN_5_2018,DEE THORNTON,SUSAN W BROOKS,2,8,170792.8,1918446.57,137142,180035
2018,IN,6,2,IN_6_2018,JEANNINE LEE LAKE,GREG PENCE,4,4,0,2593307.01,79430,154260
2018,IN,7,2,IN_7_2018,ANDRE D CARSON,"WAYNE ""GUNNY"" HARMON",14,12,968883.92,346,141139,76457
2018,IN,8,2,IN_8_2018,WILLIAM TANOOS,LARRY D BUCSHON,0,12,229896.74,1048586.17,86895,157396
2018,IN,9,2,IN_9_2018,LIZ WATSON,TREY HOLLINGSWORTH,0,6,2518118.51,1498220.43,118090,153271
2018,KS,1,2,KS_1_2018,ALAN LAPOLICE,ROGER MARSHALL,4,4,214415.67,753188.46,71558,153082
2018,KS,2,2,KS_2_2018,PAUL DAVIS,STEVE WATKINS,0,2,3954361.15,1223163.07,123859,126098
2018,KS,3,2,KS_3_2018,SHARICE DAVIDS,KEVIN YODER,4,10,4852128.71,4966109.86,170518,139762
2018,KS,4,2,KS_4_2018,JAMES A THOMPSON,RON ESTES,0,4,1483689.67,1579545.63,98445,144248
2018,KY,1,2,KY_1_2018,PAUL WALKER,JAMES R COMER,0,6,50083.19,637459.1,78849,172167
2018,KY,2,2,KY_2_2018,HANK LINDERMAN,S BRETT GUTHRIE,4,14,174079.9,1742416.4,79964,171700
2018,KY,3,2,KY_3_2018,JOHN A YARMUTH,VICKIE YATES B GLISSON,16,0,1166943.15,713682.86,173002,101930
2018,KY,4,2,KY_4_2018,SETH HALL,THOMAS MASSIE,0,10,43953.61,395746.29,90536,162946
2018,KY,5,2,KY_5_2018,KENNETH S STEPP,"HAROLD ""HAL"" ROGERS",12,42,2215,981380.8,45890,172093
2018,KY,6,2,KY_6_2018,AMY MCGRATH,ANDY BARR,0,12,8351249.65,5652125.05,144736,154468
2018,LA,4,2,LA_4_2018,RYAN TRUNDLE,"""MIKE"" JOHNSON",2,6,24181.6,909011.87,72934,139326
2018,LA,5,2,LA_5_2018,JESSEE CARLTON FLEENOR,RALPH ABRAHAM,0,6,21056.47,1037554.78,67118,149018
2018,MA,2,2,MA_2_2018,JAMES P MCGOVERN,TRACY LYN LOVVORN,28,2,1300429.75,36419.65,191332,93391
2018,MA,3,2,MA_3_2018,LORI LOUREIRO TRAHAN,RICK GREEN,4,0,2574631.67,975353.48,173175,93445
2018,MA,5,2,MA_5_2018,KATHERINE M CLARK,JOHN HUGO,8,0,1425350.68,0,236243,74856
2018,MA,6,2,MA_6_2018,SETH W MOULTON,JOSEPH S SCHNEIDER,8,0,2691149.97,263794.8,217703,104798
2018,MA,9,2,MA_9_2018,BILL KEATING,PETER D TEDESCHI,12,0,569672.01,856535.25,192347,131463
2018,MD,1,2,MD_1_2018,JESSE COLVIN,ANDY HARRIS,0,14,1807064.53,1935284.24,116631,183662
2018,MD,2,2,MD_2_2018,CA DUTCH RUPPERSBERGER,LIZ MATORY,20,0,971085.17,37409.68,167201,77782
2018,MD,3,2,MD_3_2018,JOHN SARBANES,CHARLES ANTHONY,16,2,718481.86,0,202407,82774
2018,MD,4,2,MD_4_2018,ANTHONY G BROWN,GEORGE MCDERMOTT,6,0,555136.23,0,209642,53327
2018,MD,5,2,MD_5_2018,STENY H HOYER,WILLIAM A DEVINE III,40,2,4186051.88,1924905.17,213796,82361
2018,MD,6,2,MD_6_2018,DAVID TRONE,AMIE HOEBER,6,2,2980058.01,899379.55,163346,105209
2018,MD,7,2,MD_7_2018,ELIJAH CUMMINGS,RICHMOND DAVIS,24,0,1141457.66,17539.8,202345,56266
2018,MD,8,2,MD_8_2018,JAMIE RASKIN,JOHN WALSH,6,0,872437.85,0,217679,96525
2018,ME,1,2,ME_1_2018,CHELLIE PINGREE,MARK I HOLBROOK,14,2,1088304.62,95470.67,201195,111188
2018,ME,2,2,ME_2_2018,JARED F GOLDEN,BRUCE POLIQUIN,4,8,5683486.05,4253973.13,139231,136326
2018,MI,1,2,MI_1_2018,MATTHEW W MORGAN,JACK BERGMAN,0,6,1351431.55,1446153.35,145246,187251
2018,MI,2,2,MI_2_2018,ROB DAVIDSON,BILL HUIZENGA,0,12,1287490.28,2179809.54,131254,168970
2018,MI,3,2,MI_3_2018,CATHY ALBRO,JUSTIN AMASH,2,10,161076.94,769773.3,134185,169107
2018,MI,4,2,MI_4_2018,JERRY HILLIARD,JOHN MOOLENAAR,4,8,0,1091060.35,106540,178510
2018,MI,5,2,MI_5_2018,DANIEL T KILDEE,TRAVIS WINES,10,0,1043802.31,0,164502,99265
2018,MI,6,2,MI_6_2018,MATT LONGJOHN,FRED UPTON,0,36,1453154.04,3580575.68,134082,147436
2018,MI,7,2,MI_7_2018,GRETCHEN DRISKELL,TIM WALBERG,2,18,2711006.54,2268491.89,136330,158730
2018,MI,8,2,MI_8_2018,ELISSA SLOTKIN,MIKE BISHOP,4,4,7448338.28,3395329.77,172880,159782
2018,MI,9,2,MI_9_2018,ANDY LEVIN,CANDIUS STEARNS,4,0,1473055.48,247170,181734,112123
2018,MI,10,2,MI_10_2018,KIMBERLY BIZON,PAUL MITCHELL,2,6,49295.47,705254.71,106061,182808
2018,MI,11,2,MI_11_2018,HALEY STEVENS,LENA EPSTEIN,4,0,4184088.91,2675140.12,181912,158463
2018,MI,12,2,MI_12_2018,DEBBIE DINGELL,JEFF JONES,8,4,1251033.73,82670.99,200588,85115
2018,MI,14,2,MI_14_2018,BRENDA LAWRENCE,MARC S HERSCHFUS,10,0,583591.04,0,214334,45899
2018,MN,1,2,MN_1_2018,DAN FEEHAN,JIM HAGEDORN,2,12,4173703.49,1612674.25,144885,146200
2018,MN,2,2,MN_2_2018,ANGIE CRAIG,JASON LEWIS,6,2,5550422.43,2928309.64,177958,159344
2018,MN,3,2,MN_3_2018,DEAN PHILLIPS,ERIK PAULSEN,4,10,6266109.21,5908716.98,202404,160839
2018,MN,4,2,MN_4_2018,BETTY MCCOLLUM,GREG RYAN,22,2,952969.49,20910.52,216865,97747
2018,MN,5,2,MN_5_2018,ILHAN OMAR,JENNIFER ZIELINSKI,4,0,1029353.77,22754.65,267703,74440
2018,MN,6,2,MN_6_2018,IAN TODD,TOM EMMER,2,8,81577.21,2171625.58,122332,192931
2018,MN,7,2,MN_7_2018,COLLIN C PETERSON,DAVE HUGHES,38,4,1502558.51,258329.76,146672,134668
2018,MN,8,2,MN_8_2018,JOE RADINOVICH,PETE STAUBER,0,4,2390502.73,1759366.79,141950,159364
2018,MO,1,2,MO_1_2018,LACY CLAY,ROBERT VROMAN,20,0,709121.11,0,219781,45867
2018,MO,2,2,MO_2_2018,CORT VANOSTRAN,ANN WAGNER,0,10,2348132.03,4196374.44,177611,192477
2018,MO,3,2,MO_3_2018,KATY GEPPERT,BLAINE LUETKEMEYER,2,14,34234.48,1935651.17,106589,211243
2018,MO,4,2,MO_4_2018,RENEE HOAGENSON,VICKY HARTZLER,0,12,453311.95,1355733.06,95968,190138
2018,MO,5,2,MO_5_2018,EMANUEL CLEAVER II,JACOB TURK,18,16,1156848.57,102763.81,175019,101069
2018,MO,6,2,MO_6_2018,HENRY ROBERT MARTIN,SAM GRAVES,4,22,42895.31,1619177.38,97660,199796
2018,MO,7,2,MO_7_2018,JAMIE DANIEL SCHOOLCRAFT,BILLY LONG,0,12,56973.21,1247421.45,89190,196343
2018,MO,8,2,MO_8_2018,KATHY ELLIS,JASON SMITH,2,8,191275.16,1364407.97,66151,194042
2018,MS,1,2,MS_1_2018,RANDY MACK WADKINS,TRENT KELLY,0,6,156965.51,897506.74,76601,158245
2018,MS,3,2,MS_3_2018,MICHAEL TED EVANS,MICHAEL GUEST,0,4,0,952203.2,94461,160284
2018,MS,4,2,MS_4_2018,JERAMEY ANDERSON,STEVEN PALAZZO,0,12,152283.77,770434.28,68787,152633
2018,MT,0,2,MT_0_2018,KATHLEEN WILLIAMS,GREG GIANFORTE,2,2,4124015.03,9800102.35,233284,256661
2018,NC,1,2,NC_1_2018,G K BUTTERFIELD,ROGER W ALLISON,18,0,904443.55,30384.46,190457,82218
2018,NC,2,2,NC_2_2018,LINDA COLEMAN,GEORGE HOLDING,0,10,1616405.72,3021113.67,151977,170072
2018,NC,4,2,NC_4_2018,DAVID PRICE,"STEVE A ""VON"" LOOR",46,2,969570.88,0,247067,82052
2018,NC,5,2,NC_5_2018,DD ADAMS,VIRGINIA FOXX,0,18,357042.77,2355935.62,120468,159917
2018,NC,6,2,NC_6_2018,RYAN WATTS,B MARK WALKER,0,6,312666.41,820098.14,123651,160709
2018,NC,7,2,NC_7_2018,KYLE HORTON,DAVID ROUZER,0,10,873387.91,1399071.35,120838,156809
2018,NC,8,2,NC_8_2018,FRANK MCNEILL,RICHARD HUDSON,0,10,713853.16,2142318.5,114119,141402
2018,NC,9,2,NC_9_2018,DAN MCCREADY,MARK HARRIS,2,2,6333917.99,2141860.75,138341,139246
2018,NC,10,2,NC_10_2018,DAVID WILSON BROWN,PATRICK MCHENRY,2,18,129496.16,3897873.1,113259,164969
2018,NC,11,2,NC_11_2018,PHILLIP G PRICE,MARK MEADOWS,2,8,232876.94,1429053.41,116508,178012
2018,NC,12,2,NC_12_2018,ALMA ADAMS,PAUL WRIGHT,8,2,522313.06,0,203974,75164
2018,NC,13,2,NC_13_2018,KATHY MANNING,TED BUDD,4,6,4206037.12,2381821.24,130402,147570
2018,NE,1,2,NE_1_2018,JESSICA MCCLURE,JEFF FORTENBERRY,0,18,76893.31,651911.56,93069,141712
2018,NE,2,2,NE_2_2018,KARA EASTMAN,DON BACON,2,6,2549874.69,2600431.85,121770,126715
2018,NE,3,2,NE_3_2018,PAUL THEOBALD,ADRIAN SMITH,0,16,73490.07,1612145.02,49654,163650
2018,NH,1,2,NH_1_2018,CHRIS PAPPAS,EDDIE EDWARDS,4,0,2105498.06,1217271.65,155884,130996
2018,NH,2,2,NH_2_2018,ANNE MCLANE KUSTER,STEVEN NEGRON,12,2,3357381.2,454910.24,155358,117990
2018,NJ,1,2,NJ_1_2018,DONALD W NORCROSS,PAUL E DILKS,8,0,1503682.38,13985.83,169628,87617
2018,NJ,2,2,NJ_2_2018,JEFF VAN DREW,SETH GROSSMAN,4,0,4138860.95,308650.87,136685,116866
2018,NJ,3,2,NJ_3_2018,ANDY KIM,TOM MACARTHUR,4,4,6375721.12,4764500.11,153473,149500
2018,NJ,4,2,NJ_4_2018,JOSHUA WELLE,CHRISTOPHER H SMITH,0,44,1851243.84,1550010.36,126766,163065
2018,NJ,5,2,NJ_5_2018,JOSH GOTTHEIMER,JOHN J MCCANN JR,6,2,2936325.74,936653.3,169546,128255
2018,NJ,6,2,NJ_6_2018,FRANK PALLONE JR,RICHARD J PEZZULLO,34,20,1722276.51,51205.89,140752,80443
2018,NJ,7,2,NJ_7_2018,TOM MALINOWSKI,LEONARD LANCE,4,22,6246478.55,2747582.63,166985,150785
2018,NJ,8,2,NJ_8_2018,ALBIO SIRES,JOHN R MUNIZ,16,0,596546.56,5953.72,119881,28725
2018,NJ,9,2,NJ_9_2018,BILL PASCRELL JR,ERIC P FISHER,26,0,1413307.05,0,140832,57854
2018,NJ,10,2,NJ_10_2018,DONALD M PAYNE JR,AGHA KHAN,10,2,568615.06,0,175253,20191
2018,NJ,11,2,NJ_11_2018,MIKIE SHERRILL,JAY WEBBER,4,0,8168084.08,1646820.97,183684,136322
2018,NJ,12,2,NJ_12_2018,BONNIE WATSON COLEMAN,DARYL KIPNIS,8,0,846026.64,24708.35,173334,79041
2018,NM,1,2,NM_1_2018,DEBRA A HAALAND,JANICE E ARNOLD-JONES,4,0,2187367.02,319022.65,147336,90507
2018,NM,2,2,NM_2_2018,XOCHITL TORRES SMALL,YVETTE HERRELL,2,4,4641990.04,1341381.29,101489,97767
2018,NM,3,2,NM_3_2018,BEN R LUJAN,JERALD STEVE MCFALL,12,2,2352262.18,0,155201,76427
2018,NV,1,2,NV_1_2018,DINA TITUS,JOYCE BENTLEY,14,2,793261.5,0,100707,46978
2018,NV,2,2,NV_2_2018,CLINT KOBLE,MARK E AMODEI,2,10,162414.07,1105499.66,120102,167435
2018,NV,3,2,NV_3_2018,SUSIE LEE,DANNY TARKANIAN,6,0,5075147.2,0,148501,122566
2018,NV,4,2,NV_4_2018,STEVEN A HORSFORD,CRESENT HARDY,10,4,2255315.24,889839.7,121962,102748
2018,NY,1,2,NY_1_2018,PERRY GERSHON,LEE M ZELDIN,2,14,5075628.25,4834395.99,124213,121562
2018,NY,2,2,NY_2_2018,LIUBA GRECHEN SHIRLEY,PETER T KING,0,28,1960531.45,3183657.13,108803,112565
2018,NY,3,2,NY_3_2018,THOMAS R SUOZZI,DAN P DEBONO,6,0,1483584.61,454227.34,149937,98716
2018,NY,4,2,NY_4_2018,KATHLEEN M RICE,AMEER N BENNO,8,0,1626663.42,50315.21,156728,90306
2018,NY,9,2,NY_9_2018,YVETTE D CLARKE,LUTCHI GAYOT,18,2,1111543.25,3609.13,167269,18702
2018,NY,10,2,NY_10_2018,JERROLD L NADLER,NAOMI LEVIN,30,0,1544540.69,79218.12,162131,33692
2018,NY,11,2,NY_11_2018,MAX N ROSE,DAN DONOVAN,2,2,4441148.2,2694356.32,96850,80440
2018,NY,12,2,NY_12_2018,CAROLYN B MALONEY,ELIOT RABIN,30,0,2407391.51,35435.16,205858,30446
2018,NY,13,2,NY_13_2018,ADRIANO ESPAILLAT,JINEEA BUTLER,10,0,592948.43,5826,171341,9535
2018,NY,14,2,NY_14_2018,ALEXANDRIA OCASIO-CORTEZ,ANTHONY PAPPAS,4,0,17506284.55,2500,110318,19202
2018,NY,15,2,NY_15_2018,JOSE E SERRANO,JASON D GONZALEZ,30,0,238235.31,0,122007,4566
2018,NY,18,2,NY_18_2018,SEAN PATRICK MALONEY,JAMES O'DONNELL,10,0,4431885.61,0,126368,96345
2018,NY,19,2,NY_19_2018,ANTONIO DELGADO,JOHN J FASO,4,2,9166151,3909694.97,135582,112304
2018,NY,20,2,NY_20_2018,PAUL D TONKO,JOE VITOLLO,14,2,1243529.49,0,161330,89058
2018,NY,21,2,NY_21_2018,TEDRA L COBB,ELISE M STEFANIK,2,8,1508662.13,2998027.64,93394,116433
2018,NY,22,2,NY_22_2018,ANTHONY J BRINDISI,CLAUDIA TENNEY,4,8,4637060.53,3338189.5,116001,110125
2018,NY,23,2,NY_23_2018,TRACY MITRANO,THOMAS W REED II,2,12,1756495.37,3532949.79,100914,114722
2018,NY,24,2,NY_24_2018,DANA BALTER,JOHN M KATKO,2,8,2711648.99,3016492.01,115902,113538
2018,NY,25,2,NY_25_2018,JOSEPH D MORELLE,JIM MAXWELL,4,0,1837132.63,992387.55,147979,91342
2018,NY,26,2,NY_26_2018,BRIAN HIGGINS,RENEE M ZENO,18,0,909973.56,0,156968,61488
2018,NY,27,2,NY_27_2018,NATHAN D MCMURRAY,CHRIS COLLINS,2,0,1364110.33,0,128167,114506
2018,OH,1,2,OH_1_2018,AFTAB PUREVAL,STEVE CHABOT,0,34,4140079.89,3026091.86,141118,154409
2018,OH,2,2,OH_2_2018,JILL SCHILLER,BRAD WENSTRUP,0,10,585262.38,1603886.18,119333,166714
2018,OH,3,2,OH_3_2018,JOYCE BEATTY,JIM BURGESS,10,0,794099.15,0,181575,65040
2018,OH,4,2,OH_4_2018,JANET GARRETT,JIM JORDAN,4,16,702882.25,1809464.13,89412,167993
2018,OH,5,2,OH_5_2018,J MICHAEL GALBRAITH,BOB LATTA,0,34,211954.48,1756583.73,99655,176569
2018,OH,6,2,OH_6_2018,SHAWNA ROBERTS,BILL JOHNSON,4,12,28070.47,1792626.99,76716,172774
2018,OH,7,2,OH_7_2018,KEN HARBAUGH,BOB GIBBS,0,12,3039509.63,1842913.95,107536,153117
2018,OH,8,2,OH_8_2018,VANESSA ENOCH,WARREN DAVIDSON,4,6,52184.14,661173.97,87281,173852
2018,OH,9,2,OH_9_2018,MARCY KAPTUR,STEVEN W KRAUS,40,6,677411.15,0,157219,74670
2018,OH,10,2,OH_10_2018,THERESA A GASPER,MIKE TURNER,0,20,1193083.52,1471014.31,118785,157554
2018,OH,11,2,OH_11_2018,MARCIA L FUDGE,BEVERLY A GOLDSTEIN,14,2,616076.41,21855.88,206138,44486
2018,OH,12,2,OH_12_2018,DANNY O'CONNOR,TROY BALDERSON,4,4,8462831.59,2521180.88,161251,175677
2018,OH,13,2,OH_13_2018,TIM RYAN,CHRIS DEPIZZO,20,0,1653509.9,91710.9,153323,98047
2018,OH,14,2,OH_14_2018,BETSY RADER,DAVID P JOYCE,0,10,2244299.65,2687703.94,137549,169809
2018,OH,15,2,OH_15_2018,RICK NEAL,STEVE STIVERS,0,14,1326595.37,5001718.91,116112,170593
2018,OH,16,2,OH_16_2018,SUSAN MORAN PALMER,ANTHONY GONZALEZ,0,4,473098.14,1865953.47,129681,170029
2018,OK,1,2,OK_1_2018,TIM GILPIN,KEVIN HERN,0,4,398492.47,2874702.46,103042,150129
2018,OK,2,2,OK_2_2018,JASON NICHOLS,MARKWAYNE MULLIN,0,10,128789.04,1704272.83,65021,140451
2018,OK,3,2,OK_3_2018,FRANKIE ROBBINS,FRANK D LUCAS,10,28,0,1038306.04,61152,172913
2018,OK,4,2,OK_4_2018,MARY BRANNON,TOM COLE,4,20,10757.72,1995074.47,78088,149227
2018,OK,5,2,OK_5_2018,KENDRA HORN,STEVE RUSSELL,2,4,1184293.99,891903.25,121149,117811
2018,OR,1,2,OR_1_2018,SUZANNE BONAMICI,JOHN VERBEEK,10,0,849466.22,0,231198,116446
2018,OR,2,2,OR_2_2018,JAMIE MCLEOD-SKINNER,GREG WALDEN,4,24,1317791.68,4933476.93,145298,207597
2018,OR,3,2,OR_3_2018,EARL BLUMENAUER,TOM HARRISON,26,2,1628249.92,304.2,279019,76187
2018,OR,4,2,OR_4_2018,PETER DEFAZIO,ART ROBINSON,36,10,1388447.69,168255.13,208710,152414
2018,OR,5,2,OR_5_2018,KURT SCHRADER,MARK CALLAHAN,14,0,862328.91,35313.09,197187,149887
2018,PA,1,2,PA_1_2018,HENRY SCOTT WALLACE,BRIAN K FITZPATRICK,0,6,13544540.43,3474194.32,160745,169053
2018,PA,2,2,PA_2_2018,BRENDAN F BOYLE,DAVID TORRES,8,2,967574.51,0,159600,42382
2018,PA,3,2,PA_3_2018,DWIGHT EVANS,BRYAN E LEIB,6,2,1139134.89,11021.05,287610,20387
2018,PA,4,2,PA_4_2018,MADELEINE DEAN CUNNANE,DANIEL DAVID,0,0,0,508247.93,211524,121467
2018,PA,5,2,PA_5_2018,MARY GAY SCANLON,PEARL KIM,4,0,1822024.16,521262.95,198639,106075
2018,PA,6,2,PA_6_2018,CHRISTINA JAMPOLER HOULAHAN,GREGORY MICHAEL MCCAULEY SR,4,0,3402393.59,215002.51,177704,124124
2018,PA,7,2,PA_7_2018,SUSAN ELLIS WILD,MARTIN W NOTHSTEIN,4,0,3294280.32,958873.74,140813,114437
2018,PA,8,2,PA_8_2018,MATTHEW ALTON CARTWRIGHT,JOHN ROBERT CHRIN,10,0,2563832.07,2985347.94,135603,112563
2018,PA,9,2,PA_9_2018,DENNIS WOLFF,DANIEL MEUSER,0,14,1589286.5,2237302.26,100204,148723
2018,PA,10,2,PA_10_2018,GEORGE B SCOTT,SCOTT G PERRY,0,10,2201795.35,1645975.5,141668,149365
2018,PA,11,2,PA_11_2018,JESSICA KING,LLOYD K SMUCKER,0,6,1874912.34,1892315.52,113876,163708
2018,PA,12,2,PA_12_2018,MARC FRIEDENBERG,THOMAS A MARINO,1,10,90405.56,895980.1,82825,161047
2018,PA,13,2,PA_13_2018,BRENT M OTTAWAY,JOHN JOYCE,0,4,30785.2,1461761.17,74733,178533
2018,PA,14,2,PA_14_2018,BIBIANA BOERIO,GUY L RESCHENTHALER,0,4,666896.95,1072888.04,110051,151386
2018,PA,15,2,PA_15_2018,SUSAN BOSER,GLENN WILLIAM THOMPSON JR,0,14,145888.87,1442650.03,78327,165245
2018,PA,16,2,PA_16_2018,RONALD A DINICOLA,GEORGE J KELLY JR,24,12,1755514.26,3294021.2,124109,135348
2018,PA,17,2,PA_17_2018,CONOR JAMES LAMB,KEITH ROTHFUS,4,8,8898568.71,3775394.78,183162,142417
2018,RI,1,2,RI_1_2018,DAVID N CICILLINE,PATRICK J DONOVAN,12,0,1630964.09,0,116099,57567
2018,RI,2,2,RI_2_2018,JAMES R LANGEVIN,SALVATORE G CAIOZZO,22,2,767826.25,3525.33,126476,72271
2018,SC,1,2,SC_1_2018,JOE CUNNINGHAM,KATIE ARRINGTON,2,0,2410274.65,1674899.95,145455,141473
2018,SC,2,2,SC_2_2018,SEAN CARRIGAN,JOE WILSON,0,21,164293.52,1747837.39,109199,144642
2018,SC,3,2,SC_3_2018,MARY GEREN,JEFF DUNCAN,0,12,308127.66,714380.38,70046,153338
2018,SC,4,2,SC_4_2018,BRANDON P BROWN,WILLIAM TIMMONS,0,4,0,1814017.85,89182,145321
2018,SC,5,2,SC_5_2018,ARCHIE PARNELL,RALPH W NORMAN,0,4,2027264.18,2000692.16,103129,141757
2018,SC,6,2,SC_6_2018,JAMES E JIM CLYBURN,GERHARD R GRESSMANN,30,0,2004772.84,1666.28,144765,58282
2018,SC,7,2,SC_7_2018,ROBERT WILLIAMS,TOM RICE,2,10,26667.29,1134451.26,96564,142681
2018,SD,0,2,SD_0_2018,TIM BJORKMAN,"DUSTIN ""DUSTY"" JOHNSON",0,4,872439.02,1715846.62,120816,202446
2018,TN,1,2,TN_1_2018,MARTY OLSEN,PHIL ROE,0,14,163213.41,605461.68,47138,172835
2018,TN,2,2,TN_2_2018,RENEE HOYOS,TIM BURCHETT,2,4,347366.36,958168.08,86668,172856
2018,TN,3,2,TN_3_2018,DANIELLE MITCHELL,CHUCK FLEISCHMANN,0,12,284785.18,601495.93,84731,156512
2018,TN,4,2,TN_4_2018,MARIAH PHILLIPS,SCOTT DESJARLAIS,0,12,578769.82,271735.43,78065,147323
2018,TN,5,2,TN_5_2018,JIM COOPER,JODY M BALL,20,2,767123.33,0,177923,84317
2018,TN,6,2,TN_6_2018,DAWN BARLOW,JOHN ROSE,0,4,43317.14,5212189.78,70370,172810
2018,TN,7,2,TN_7_2018,JUSTIN KANEW,MARK E GREEN,0,4,491053.76,2445092.89,81661,170071
2018,TN,8,2,TN_8_2018,ERIKA STOTTS PEARSON,DAVID KUSTOFF,4,20,16085.01,1835725.94,74755,168030
2018,TN,9,2,TN_9_2018,STEVE COHEN,CHARLOTTE BERGMANN,26,0,408226.66,0,145139,34901
2018,TX,1,2,TX_1_2018,SHIRLEY J MCKELLAR,LOUIE GOHMERT,6,18,47552.69,787021.73,61263,168165
2018,TX,2,2,TX_2_2018,TODD LITTON,DAN CRENSHAW,0,4,1515116.21,1844245.24,119992,139188
2018,TX,3,2,TX_3_2018,LORIE BURCH,VAN TAYLOR,2,4,322136.33,4473633.74,138234,169520
2018,TX,4,2,TX_4_2018,CATHERINE KRANTZ,JOHN RATCLIFFE,0,6,34031.58,841902.61,57400,188667
2018,TX,5,2,TX_5_2018,DAN WOOD,LANCE GOODEN,0,4,110785.59,884794.07,78666,130617
2018,TX,6,2,TX_6_2018,JANA LYNNE SANCHEZ,RON WRIGHT,3,4,718241.7,704664.14,116350,135961
2018,TX,7,2,TX_7_2018,LIZZIE PANNILL FLETCHER,JOHN CULBERSON,4,18,6184824.71,3542492.23,127959,115642
2018,TX,8,2,TX_8_2018,STEVEN DAVID,KEVIN BRADY,0,26,30263,6020897.99,67930,200619
2018,TX,10,2,TX_10_2018,MIKE SIEGEL,MICHAEL T MCCAUL,2,18,485681.52,1870327.23,144034,157166
2018,TX,11,2,TX_11_2018,JENNIE LOU LEEDER,MIKE CONAWAY,2,17,85051.51,2483969.68,40631,176603
2018,TX,12,2,TX_12_2018,VANESSA ADIA,KAY GRANGER,0,26,198453.18,2104526.65,90994,172557
2018,TX,13,2,TX_13_2018,GREG SAGAN,MAC THORNBERRY,2,26,46655.41,1419932.49,35083,169027
2018,TX,14,2,TX_14_2018,ADRIENNE BELL,RANDY WEBER,2,10,206526.16,714799.52,92212,138942
2018,TX,15,2,TX_15_2018,VICENTE GONZALEZ,TIM WESTLEY,6,4,411506.69,22942,98333,63862
2018,TX,16,2,TX_16_2018,VERONICA ESCOBAR,RICK SEEBERGER,4,0,1208479.57,49210.07,124437,49127
2018,TX,17,2,TX_17_2018,RICK KENNEDY,BILL FLORES,2,10,130830.84,1357282.32,98070,134841
2018,TX,18,2,TX_18_2018,SHEILA JACKSON LEE,AVA REYNERO PATE,28,4,767512.22,10287.27,138704,38368
2018,TX,19,2,TX_19_2018,MIGUEL LEVARIO,JODEY ARRINGTON,0,6,103195.04,1090282.95,50039,151946
2018,TX,21,2,TX_21_2018,JOSEPH KOPSER,CHIP ROY,0,4,3236438.68,1757842.15,168421,177654
2018,TX,22,2,TX_22_2018,SRI PRESTON KULKARNI,PETE OLSON,2,12,1609335.83,1927405.71,138153,152750
2018,TX,23,2,TX_23_2018,GINA ORTIZ JONES,WILL HURD,2,10,6103697.69,5192900.98,102359,103285
2018,TX,24,2,TX_24_2018,JAN MCDOWELL,KENNY E MARCHANT,6,16,95507.42,1103925.68,125231,133317
2018,TX,25,2,TX_25_2018,JULIE OLIVER,ROGER WILLIAMS,2,10,645926.18,1647321.88,136385,163023
2018,TX,26,2,TX_26_2018,LINSEY FAGAN,MICHAEL C BURGESS,0,20,106139.87,1744861.24,121938,185551
2018,TX,27,2,TX_27_2018,ERIC HOLGUIN,MICHAEL CLOUD,0,4,198801.62,688599.86,75929,125118
2018,TX,29,2,TX_29_2018,SYLVIA R GARCIA,PHILLIP ARONOFF,2,0,0,98484.59,88188,28098
2018,TX,31,2,TX_31_2018,"MARY JENNINGS ""MJ"" HEGAR",JOHN CARTER,0,20,5069600.64,1968957.43,136362,144680
2018,TX,32,2,TX_32_2018,COLIN ALLRED,PETE SESSIONS,4,31,5869234.53,5225907.24,144067,126101
2018,TX,33,2,TX_33_2018,MARC VEASEY,WILLIE BILLUPS,10,0,1409498.33,60062.25,90805,26120
2018,TX,34,2,TX_34_2018,FILEMON B VELA,REY GONZALEZ,10,4,726634.62,95421.53,85825,57243
2018,TX,35,2,TX_35_2018,LLOYD DOGGETT,DAVID SMALLING,28,0,513675.72,46370.89,138278,50553
2018,TX,36,2,TX_36_2018,DAYNA STEELE,BRIAN BABIN,0,26,901866.46,1000300.37,60908,161048
2018,UT,1,2,UT_1_2018,LEE CASTILLO,ROB BISHOP,0,18,25997,1043801.42,63308,156692
2018,UT,2,2,UT_2_2018,SHIREEN GHORBANI,CHRIS STEWART,0,10,442738.79,938943.7,105051,151489
2018,UT,3,2,UT_3_2018,JAMES COURAGE SINGER,JOHN CURTIS,0,4,33609.35,1463994.23,70686,174856
2018,UT,4,2,UT_4_2018,BEN MCADAMS,MIA B LOVE,2,6,3306517.59,5951840.23,134964,134270
2018,VA,1,2,VA_1_2018,VANGIE A WILLIAMS,"ROBERT J ""ROB"" WITTMAN",2,14,366217.03,2103338.52,148464,183250
2018,VA,2,2,VA_2_2018,ELAINE G LURIA,SCOTT W TAYLOR,4,10,4270824.21,4083442.48,139571,133458
2018,VA,4,2,VA_4_2018,A DONALD MCEACHIN,RYAN A MCADAMS,6,0,931320.54,238960.01,187642,107706
2018,VA,5,2,VA_5_2018,LESLIE C COCKBURN,DENVER L RIGGLEMAN III,0,2,3530910.19,1941098.64,145040,165339
2018,VA,6,2,VA_6_2018,JENNIFER LYNN LEWIS,BEN L CLINE,4,4,426748.86,980497.57,113133,167957
2018,VA,7,2,VA_7_2018,ABIGAIL A SPANBERGER,DAVE A BRAT,4,6,7289953.38,3371043.95,176079,169295
2018,VA,8,2,VA_8_2018,DONALD S BEYER JR,THOMAS S OH,8,0,1831271.73,74602.45,247137,76899
2018,VA,9,2,VA_9_2018,ANTHONY J FLACCAVENTO,H MORGAN GRIFFITH,0,12,1061769.88,1242671.21,85833,160933
2018,VA,10,2,VA_10_2018,JENNIFER T WEXTON,BARBARA J COMSTOCK,4,4,6115334.19,6456797.13,206356,160841
2018,VA,11,2,VA_11_2018,GERALD EDWARD CONNOLLY,JEFF A DOVE JR,14,2,1672905.46,657964.85,219191,83023
2018,VT,0,2,VT_0_2018,PETER WELCH,ANYA TYNIO,16,4,670612.27,10773.19,188547,70705
2018,WA,1,2,WA_1_2018,SUZAN DELBENE,JEFFREY BEELER,12,2,1558467.49,18808.39,197209,135534
2018,WA,3,2,WA_3_2018,CAROLYN LONG,JAIME HERRERA BEUTLER,2,12,3853132.37,0,145407,161819
2018,WA,4,2,WA_4_2018,CHRISTINE BROWN,DAN NEWHOUSE,0,8,467396.37,1077766.47,83785,141551
2018,WA,5,2,WA_5_2018,LISA BROWN,CATHY MCMORRIS RODGERS,0,18,5709605.32,3503094.11,144925,175422
2018,WA,6,2,WA_6_2018,DEREK KILMER,DOUGLAS DIGHTMAN,10,0,1359239.54,42423.04,206409,116677
2018,WA,7,2,WA_7_2018,PRAMILA JAYAPAL,CRAIG KELLER,6,6,1555983.33,6780,329800,64881
2018,WA,8,2,WA_8_2018,KIM SCHRIER,DINO ROSSI,4,0,8075093.38,4821393.1,164089,148968
2018,WA,9,2,WA_9_2018,ADAM SMITH,Null,26,Null,1623912.68,Null,163345,Null
2018,WA,10,2,WA_10_2018,DENNY HECK,JOSEPH BRUMBLES,10,0,1221635.07,6071.52,166215,103860
2018,WI,1,2,WI_1_2018,RANDY BRYCE,BRYAN STEIL,0,4,8616498.17,2287662.97,137508,177492
2018,WI,3,2,WI_3_2018,RON KIND,STEVE TOFT,26,0,2250777.46,304917.76,187888,126980
2018,WI,4,2,WI_4_2018,GWEN S MOORE,TIM ROGERS,18,4,1066541.23,0,206487,59091
2018,WI,5,2,WI_5_2018,TOM PALZEWICZ,F JAMES SENSENBRENNER JR,2,42,260310.16,482430.83,138385,225619
2018,WI,6,2,WI_6_2018,DAN KOHL,GLENN GROTHMAN,0,8,3410842.7,1853478.42,144536,180311
2018,WI,7,2,WI_7_2018,MARGARET ENGEBRETSON,SEAN P DUFFY,0,10,127704.88,2837983.83,124307,194061
2018,WI,8,2,WI_8_2018,BEAU LIEGEOIS,MIKE GALLAGHER,0,6,343473.92,2101885.94,119265,209410
2018,WV,1,2,WV_1_2018,KENDRA FERSHEE,DAVID B MCKINLEY,0,12,276609.14,1442439.97,70217,127997
2018,WV,2,2,WV_2_2018,TALLEY SERGENT,ALEX X MOONEY,0,8,683790.4,1246402.35,88011,110504
2018,WV,3,2,WV_3_2018,RICHARD OJEDA II,CAROL MILLER,0,4,2844604.38,1924905.17,76340,98645
2018,WY,0,2,WY_0_2018,GREG HUNTER,LIZ CHENEY,0,6,47069.51,715739.91,59903,127963
2020,AK,0,2,AK_0_2020,ALYSE S GALVIN,DON YOUNG,2,46,5162902.93,1817836.79,159856,192126
2020,AL,1,2,AL_1_2020,JAMES AVERHART,JERRY CARL,0,0,78973.24,0,116949,211825
2020,AL,2,2,AL_2_2020,PHYLLIS HARVEY-HALL,BARRY MOORE,2,4,57661.16,836276.8,105286,197996
2020,AL,3,2,AL_3_2020,ADIA WINFREY,MIKE ROGERS,2,20,41221.09,1228340.4,104595,217384
2020,AL,4,2,AL_4_2020,RICK NEIGHBORS,ROBERT B ADERHOLT,4,26,47908.58,1352138.08,56237,261553
2020,AR,2,2,AR_2_2020,JOYCE ELLIOTT,J FRENCH HILL,0,8,3540156.67,3059235.64,148410,184093
2020,AR,3,2,AR_3_2020,CELESTE WILLIAMS,STEVE WOMACK,0,12,356059.69,924120.94,106325,214960
2020,AR,4,2,AR_4_2020,WILLIAM H HANSON,BRUCE WESTERMAN,0,8,111682.66,1123311.93,75750,191617
2020,AZ,1,2,AZ_1_2020,TOM O'HALLERAN,TIFFANY SHEDD,6,2,3359686.85,1655234.73,188469,176709
2020,AZ,2,2,AZ_2_2020,ANN KIRKPATRICK,BRANDON MARTIN,14,0,1433662.33,387527.04,209945,170975
2020,AZ,3,2,AZ_3_2020,RAUL M GRIJALVA,DANIEL WOOD,20,2,691287.6,42480.94,174243,95594
2020,AZ,4,2,AZ_4_2020,DELINA DISANTO,PAUL A GOSAR,4,12,79757.81,759239.4,120484,278002
2020,AZ,5,2,AZ_5_2020,JOAN GREENE,ANDY BIGGS,4,6,225188.62,1338431.77,183171,262414
2020,AZ,6,2,AZ_6_2020,HIRAL TIPIRNENI,DAVID SCHWEIKERT,4,28,6413897.02,2283320.82,199644,217783
2020,AZ,7,2,AZ_7_2020,RUBEN GALLEGO,JOSHUA BARNETT,8,2,1668669.29,17882.67,165452,50226
2020,AZ,8,2,AZ_8_2020,MICHAEL MUSCATO,DEBBIE LESKO,2,4,399329.13,996781.94,170816,251633
2020,AZ,9,2,AZ_9_2020,GREG STANTON,DAVE GILES,4,6,1019971.13,129934.54,217094,135180
2020,CA,1,2,CA_1_2020,AUDREY DENNEY,DOUG LAMALFA,2,10,2475446.47,1179453.85,154073,204190
2020,CA,2,2,CA_2_2020,JARED HUFFMAN,DALE K MENSING,10,6,821812.64,2235.73,294435,94320
2020,CA,3,2,CA_3_2020,JOHN GARAMENDI,TAMIKA HAMILTON,12,2,717060.34,384583.7,176043,145945
2020,CA,4,2,CA_4_2020,BRYNNE S KENNEDY,TOM MCCLINTOCK,2,36,3018528.82,2130296.45,194731,247291
2020,CA,5,2,CA_5_2020,MIKE THOMPSON,SCOTT GIBLIN,24,2,2044727.04,593.86,271233,85227
2020,CA,6,2,CA_6_2020,DORIS O MATSUI,CHRIS BISH,16,2,1077824.78,45285.82,229648,83466
2020,CA,7,2,CA_7_2020,AMI BERA,BUZZ PATTERSON,12,2,1126435.93,67330.19,217416,166549
2020,CA,8,2,CA_8_2020,CHRISTINE BUBSER,JAY OBERNOLTE,0,2,1876717.93,1958786.11,124400,158711
2020,CA,9,2,CA_9_2020,JERRY MCNERNEY,"ANTONIO C ""TONY"" AMADOR",18,0,1128095.71,52225,174252,128358
2020,CA,10,2,CA_10_2020,JOSH HARDER,TED HOWZE,4,2,4091139.47,1878228.79,166865,135629
2020,CA,11,2,CA_11_2020,MARK DESAULNIER,NISHA SHARMA,12,0,442546.73,182994.64,271063,100293
2020,CA,12,2,CA_12_2020,NANCY PELOSI,Null,34,Null,22681809.86,Null,281776,Null
2020,CA,13,2,CA_13_2020,BARBARA LEE,NIKKA PITERMAN,24,0,1810132.05,9943.82,327863,34955
2020,CA,14,2,CA_14_2020,JACKIE SPEIER,RAN S PETEL,14,0,920752.1,0,278300,72705
2020,CA,15,2,CA_15_2020,ERIC SWALWELL,ALISON HAYDEN,10,2,4113000.86,8357.65,242991,99710
2020,CA,16,2,CA_16_2020,JIM COSTA,KEVIN COOKINGHAM,18,0,1846494.42,270292.35,128690,88039
2020,CA,17,2,CA_17_2020,RO KHANNA,RITESH TANDON,18,2,2535202.22,178014.57,212137,85199
2020,CA,18,2,CA_18_2020,ANNA G ESHOO,Null,34,Null,2078651.76,Null,217388,Null
2020,CA,19,2,CA_19_2020,ZOE LOFGREN,JUSTIN JAMES AGUILERA,28,2,1771845.87,11542.18,224385,88642
2020,CA,20,2,CA_20_2020,JIMMY PANETTA,JEFF GORMAN,6,2,1596716.42,65047.32,236896,71658
2020,CA,21,2,CA_21_2020,TJ COX,DAVID G VALADAO,4,10,6094653.32,4018834.44,84406,85928
2020,CA,22,2,CA_22_2020,PHIL ARBALLO,DEVIN NUNES,2,24,5146107.01,20201844.61,144251,170888
2020,CA,23,2,CA_23_2020,KIM MANGONE,KEVIN MCCARTHY,0,16,1683148.6,25148569.55,115896,190222
2020,CA,24,2,CA_24_2020,SALUD O CARBAJAL,ANDY CALDWELL,6,0,1490230.52,1288902.84,212564,149781
2020,CA,25,2,CA_25_2020,CHRISTY SMITH,MIKE GARCIA,2,2,5943381.18,9762756.03,169305,169638
2020,CA,26,2,CA_26_2020,JULIA BROWNLEY,RONDA BALDWIN-KENNEDY,10,2,1351678.67,134605.11,208856,135877
2020,CA,27,2,CA_27_2020,JUDY CHU,JOHNNY J NALBANDIAN,13,2,963130.08,39170.47,221411,95907
2020,CA,28,2,CA_28_2020,ADAM B SCHIFF,ERIC EARLY,22,0,10404171.36,3839474.24,244271,91928
2020,CA,29,2,CA_29_2020,ANGELICA MARIA DUENAS,Null,4,Null,76627.11,Null,91524,Null
2020,CA,30,2,CA_30_2020,BRAD SHERMAN,MARK S REED,26,4,1112586.37,0,240038,105426
2020,CA,31,2,CA_31_2020,PETE AGUILAR,AGNES GIBBONEY,10,0,1915174.22,130107.43,175315,110735
2020,CA,32,2,CA_32_2020,GRACE F NAPOLITANO,JOSHUA M SCOTT,24,2,256046.86,14247.84,172942,86818
2020,CA,33,2,CA_33_2020,TED LIEU,JAMES P BRADLEY,8,0,1601806.11,100974.8,257094,123334
2020,CA,34,2,CA_34_2020,DAVID KIM,Null,0,Null,186898.66,Null,96554,Null
2020,CA,35,2,CA_35_2020,NORMA J TORRES,MIKE CARGILE,8,2,667057.26,36175.06,169405,74941
2020,CA,36,2,CA_36_2020,RAUL RUIZ,ERIN CRUZ,0,0,6243.65,53981.04,185151,121698
2020,CA,37,2,CA_37_2020,KAREN BASS,ERROL WEBBER,12,0,1220422.5,176111.56,254916,41705
2020,CA,38,2,CA_38_2020,LINDA T SANCHEZ,Null,20,Null,1157773.49,Null,190467,Null
2020,CA,39,2,CA_39_2020,GILBERT RAY CISNEROS JR,YOUNG KIM,2,4,4503468.14,6070017.32,169837,173946
2020,CA,40,2,CA_40_2020,LUCILLE ROYBAL-ALLARD,C ANTONIO DELGADO,0,0,0,79270.37,135572,50809
2020,CA,41,2,CA_41_2020,MARK TAKANO,AJA SMITH,30,4,962988.6,667305.83,168126,94447
2020,CA,42,2,CA_42_2020,"WILLIAM ""LIAM"" O'MARA",KEN CALVERT,2,0,130072.24,0,157773,210274
2020,CA,43,2,CA_43_2020,MAXINE WATERS,JOE E COLLINS III,36,2,1949929.14,9985292.74,199210,78688
2020,CA,44,2,CA_44_2020,ANALILIA JOYA,Null,6,Null,0,Null,66375,Null
2020,CA,45,2,CA_45_2020,KATIE PORTER,GREG RATHS,4,6,6717188.33,1408703.47,221843,193096
2020,CA,46,2,CA_46_2020,J LUIS CORREA,JAMES S WATERS,6,0,666547.19,7048.08,157803,71716
2020,CA,47,2,CA_47_2020,ALAN S LOWENTHAL,JOHN BRISCOE,10,4,859602.01,61538.47,197028,114371
2020,CA,48,2,CA_48_2020,HARLEY ROUDA,MICHELLE STEEL,4,2,6465174.21,6271738.6,193362,201738
2020,CA,49,2,CA_49_2020,MIKE LEVIN,BRIAN MARYOTT,4,4,2959855.97,3444349.84,205349,181157
2020,CA,50,2,CA_50_2020,AMMAR CAMPA-NAJJAR,DARRELL ISSA,2,22,6428682.95,16521430.27,166869,195521
2020,CA,51,2,CA_51_2020,JUAN VARGAS,JUAN M HIDALGO JR,30,4,801670.85,0,165596,76841
2020,CA,52,2,CA_52_2020,SCOTT H PETERS,JIM DEBELLO,10,2,2160221.77,424649.57,244145,152350
2020,CA,53,2,CA_53_2020,GEORGETTE GOMEZ,Null,0,Null,1690439.54,Null,135614,Null
2020,CO,1,2,CO_1_2020,DIANA DEGETTE,SHANE BOLLING,26,0,1080588.62,13657.96,331621,105955
2020,CO,2,2,CO_2_2020,JOE NEGUSE,CHARLIE WINN,4,0,690025.28,100537.58,316925,182547
2020,CO,3,2,CO_3_2020,DIANE E MITSCH BUSH,LAUREN BOEBERT,2,2,5040013.78,2632675.56,194122,220634
2020,CO,4,2,CO_4_2020,IKE MCCORKLE,KEN BUCK,2,8,227963.78,540091.76,173945,285606
2020,CO,5,2,CO_5_2020,JILLIAN FREELAND,DOUG LAMBORN,0,16,181293.51,390060.58,161600,249013
2020,CO,6,2,CO_6_2020,JASON CROW,STEVE HOUSE,4,0,2973214.66,1253894.25,250314,175192
2020,CO,7,2,CO_7_2020,ED PERLMUTTER,"CHARLES ""CASPER"" STOCKHAM",16,0,1345446.88,147959.35,250525,159301
2020,CT,1,2,CT_1_2020,JOHN B LARSON,MARY FAY,22,0,1336604.38,25118.18,213001,122111
2020,CT,2,2,CT_2_2020,JOE COURTNEY,JUSTIN ANDERSON,20,0,1002505.23,78767.12,207303,140356
2020,CT,3,2,CT_3_2020,ROSA L DELAURO,MARGARET STREICKER,32,0,1813321.99,2012375.17,194259,131568
2020,CT,4,2,CT_4_2020,JAMES A HIMES,JONATHAN RIDDLE,14,0,2199740.31,17385.2,224432,130627
2020,CT,5,2,CT_5_2020,JAHANA HAYES,DAVID X SULLIVAN,4,0,1605007.59,430170.44,183797,151988
2020,DE,0,2,DE_0_2020,LISA BLUNT ROCHESTER,LEE MURPHY,0,4,1327603.95,131862.44,281382,196392
2020,FL,1,2,FL_1_2020,PHIL EHR,MATT GAETZ,4,6,1923275.26,4602509.17,149172,283352
2020,FL,3,2,FL_3_2020,ADAM CHRISTENSEN,KAT CAMMACK,0,2,254948.08,1104893.66,167326,223075
2020,FL,4,2,FL_4_2020,DONNA DEEGAN,JOHN H RUTHERFORD,0,6,1026298.18,1284766.32,196423,308497
2020,FL,5,2,FL_5_2020,AL LAWSON JR,GARY ADLER,12,0,731877.75,146944.18,219463,117510
2020,FL,6,2,FL_6_2020,CLINT CURTIS,MICHAEL WALTZ,0,4,24792.35,2036834.48,172305,265393
2020,FL,7,2,FL_7_2020,STEPHANIE N MURPHY,LEO VALENTIN,6,0,1828521.74,1028316.45,224946,175750
2020,FL,8,2,FL_8_2020,JIM KENNEDY,BILL POSEY,0,14,138890.25,1127338.76,177695,282093
2020,FL,9,2,FL_9_2020,DARREN SOTO,"WILLIAM P ""BILL"" OLSON",6,2,949960.3,402594.3,240724,188889
2020,FL,10,2,FL_10_2020,VAL BUTLER DEMINGS,VENNIA FRANCOIS,10,2,1198213.25,333214.95,239434,136889
2020,FL,11,2,FL_11_2020,DANA MARIE COTTRELL,DANIEL WEBSTER,2,12,62379.69,588603.55,158094,316979
2020,FL,12,2,FL_12_2020,KIMBERLY WALKER,GUS M BILIRAKIS,6,16,33543.84,1553942.14,168194,284941
2020,FL,13,2,FL_13_2020,CHARLIE CRIST,ANNA PAULINA LUNA,6,2,4059147.92,3286006.7,215405,190713
2020,FL,14,2,FL_14_2020,KATHY CASTOR,CHRISTINE Y QUINN,16,6,1209194.16,241291.87,224240,147896
2020,FL,15,2,FL_15_2020,ALAN COHN,SCOTT FRANKLIN,8,2,2320645.03,1639816.94,174297,216374
2020,FL,16,2,FL_16_2020,MARGARET GOOD,VERN BUCHANAN,0,16,3453334.85,3649491.41,215683,269001
2020,FL,17,2,FL_17_2020,ALLEN ELLISON,W GREGORY STEUBE,0,4,0,629762.91,140487,266514
2020,FL,18,2,FL_18_2020,PAM KEITH,BRIAN J MAST,0,6,1670342.93,5369799.76,186674,253286
2020,FL,19,2,FL_19_2020,CINDY LYN BANYAI,BYRON DONALDS,2,0,203430.45,0,172146,272440
2020,FL,20,2,FL_20_2020,ALCEE L HASTINGS,GREG MUSSELWHITE,30,1,545668.06,27537.64,253661,68748
2020,FL,21,2,FL_21_2020,LOIS FRANKEL,LAURA LOOMER,30,2,1330992.97,2256020.15,237925,157612
2020,FL,22,2,FL_22_2020,THEODORE E DEUTCH,"JAMES ""JIM"" PRUDEN",12,2,1283607.07,278998.83,235764,166553
2020,FL,23,2,FL_23_2020,DEBBIE WASSERMAN SCHULTZ,CARLA SPALDING,18,2,1992619.2,931190.64,221239,158874
2020,FL,24,2,FL_24_2020,FREDERICA S WILSON,LAVERN SPICER,12,2,321018.89,39561.16,218825,59084
2020,FL,26,2,FL_26_2020,DEBBIE MUCARSEL-POWELL,CARLOS GIMENEZ,2,2,6916171.47,2206564.28,165407,177223
2020,FL,27,2,FL_27_2020,DONNA E SHALALA,MARIA ELVIRA SALAZAR,2,4,3815880.66,3682371.15,166758,176141
2020,GA,1,2,GA_1_2020,JOYCE MARIE GRIGGS,"EARL L ""BUDDY"" CARTER",22,8,129800.33,1766880.02,135238,189457
2020,GA,2,2,GA_2_2020,SANFORD D BISHOP JR,DON COLE,30,0,1456259.17,163543.92,161397,111620
2020,GA,3,2,GA_3_2020,VAL ALMONORD,A DREW FERGUSON IV,2,6,36946.44,2166683.43,129792,241526
2020,GA,4,2,GA_4_2020,"HENRY C ""HANK"" JOHNSON JR",JOHSIE CRUZ EZAMMUDEEN,16,0,498219.43,0,278906,69393
2020,GA,5,2,GA_5_2020,NIKEMA WILLIAMS,ANGELA STANTON-KING,2,0,367104.2,309313.35,301857,52646
2020,GA,6,2,GA_6_2020,LUCY MCBATH,KAREN HANDEL,4,2,8757258.96,3156124.14,216775,180329
2020,GA,7,2,GA_7_2020,CAROLYN BOURDEAUX,RICH MCCORMICK,4,2,5331899.54,2681727.04,190900,180564
2020,GA,8,2,GA_8_2020,LINDSAY HOLLIDAY,AUSTIN SCOTT,0,12,5220,730669.43,109264,198701
2020,GA,9,2,GA_9_2020,DEVIN PANDY,ANDREW CLYDE,0,2,84782.17,1925862.71,79797,292750
2020,GA,10,2,GA_10_2020,TABITHA JOHNSON-GREEN,JODY B HICE,4,12,12463.57,462698.35,142636,235810
2020,GA,11,2,GA_11_2020,DANA BARRETT,BARRY LOUDERMILK,0,8,394976.88,723065.86,160623,245259
2020,GA,12,2,GA_12_2020,LIZ JOHNSON,RICK W ALLEN,2,10,72360.98,666047.82,129061,181038
2020,GA,13,2,GA_13_2020,DAVID SCOTT,BECKY E HITES,20,0,1142722.37,63306.05,279045,81476
2020,GA,14,2,GA_14_2020,KEVIN VAN AUSDAL,MARJORIE TAYLOR GREENE,0,2,126712.34,2259896.17,77798,229827
2020,HI,1,2,HI_1_2020,ED CASE,RON CURTIS,20,0,570675.23,15609.17,183245,71188
2020,HI,2,2,HI_2_2020,"KAIALII ""KAI"" KAHELE",JOE AKANA,2,2,1059752.97,66938.15,171517,84027
2020,IA,1,2,IA_1_2020,ABBY FINKENAUER,ASHLEY HINSON,2,2,5912075.08,5062131.23,201347,212088
2020,IA,2,2,IA_2_2020,RITA R HART,MARIANNETTE MILLER-MEEKS,0,14,4143623.13,1739952.54,196958,196964
2020,IA,3,2,IA_3_2020,CYNTHIA AXNE,DAVID YOUNG,4,6,6294921.24,3139878.92,219205,212997
2020,IA,4,2,IA_4_2020,J D SCHOLTEN,RANDY FEENSTRA,2,2,2929626.12,1895390.16,144761,237369
2020,ID,1,2,ID_1_2020,RUDY SOTO,RUSS FULCHER,0,4,305168.95,515964.61,131380,310736
2020,ID,2,2,ID_2_2020,C AARON SWISHER,MICHAEL K SIMPSON,2,24,74268.32,1101104.36,124151,250669
2020,IL,1,2,IL_1_2020,BOBBY L RUSH,PHILANISE WHITE,30,2,500779.36,5047.85,239943,85027
2020,IL,2,2,IL_2_2020,ROBIN L KELLY,THERESA J RABORN,9,0,1112899.55,0,234896,63142
2020,IL,3,2,IL_3_2020,MARIE NEWMAN,MIKE FRICILONE,4,0,2732742.44,127979.6,172997,133851
2020,IL,4,2,IL_4_2020,"JESUS G ""CHUY"" GARCIA",JESUS SOLORIO,4,0,726422.03,843.27,187219,35518
2020,IL,5,2,IL_5_2020,MIKE QUIGLEY,TOMMY HANSON,12,14,927704.61,0,255661,96200
2020,IL,6,2,IL_6_2020,SEAN CASTEN,JEANNE IVES,4,0,5437739.31,3244293.04,213777,183891
2020,IL,7,2,IL_7_2020,DANNY K DAVIS,CRAIG CAMERON,38,2,510806.2,0,249383,41390
2020,IL,9,2,IL_9_2020,JANICE D SCHAKOWSKY,SARGIS SANGARI,24,2,1538439.42,34714.62,262045,107125
2020,IL,10,2,IL_10_2020,BRADLEY SCOTT SCHNEIDER,VALERIE RAMIREZ MUKHERJEE,10,0,3024001.68,1074784.26,202402,114442
2020,IL,11,2,IL_11_2020,BILL FOSTER,RICK LAIB,14,0,1861112.75,20064.12,194557,112807
2020,IL,12,2,IL_12_2020,RAYMOND C LENZI,MIKE BOST,0,8,162711.58,1540312.3,127577,194839
2020,IL,13,2,IL_13_2020,BETSY DIRKSEN LONDRIGAN,RODNEY DAVIS,2,10,5343867.56,4891001.05,151648,181373
2020,IL,14,2,IL_14_2020,LAUREN UNDERWOOD,JIM OBERWEIS,4,12,7360376.83,3207797.84,203209,197835
2020,IL,15,2,IL_15_2020,ERIKA C WEAVER,MARY MILLER,0,2,32133.75,581556.22,88559,244947
2020,IL,16,2,IL_16_2020,DANI BRZOZOWSKI,ADAM KINZINGER,0,12,436823.19,1598081.23,119313,218839
2020,IL,17,2,IL_17_2020,CHERI BUSTOS,ESTHER JOY KING,10,2,6479373.11,2055793.65,156011,143863
2020,IL,18,2,IL_18_2020,GEORGE PETRILLI,DARIN LAHOOD,0,6,0,1761973.31,110039,261840
2020,IN,1,2,IN_1_2020,FRANK J MRVAN,MARK LEYVA,2,24,476407.3,0,185180,132247
2020,IN,2,2,IN_2_2020,"PATRICIA ""PAT"" HACKETT",JACKIE WALORSKI,2,0,870971.75,1696493.34,114967,183601
2020,IN,3,2,IN_3_2020,CHIP COLDIRON,JIM BANKS,0,6,93091.48,791040.64,104762,220989
2020,IN,4,2,IN_4_2020,JOE MACKEY,JAMES R BAIRD,2,4,43780.07,233207.62,112984,225531
2020,IN,5,2,IN_5_2020,CHRISTINA HALE,VICTORIA SPARTZ,0,2,4008303.05,3161481.86,191226,208212
2020,IN,6,2,IN_6_2020,JEANNINE LEE LAKE,GREG PENCE,0,4,0,2849708.06,91103,225319
2020,IN,7,2,IN_7_2020,ANDRE CARSON,SUSAN MARIE SMITH,14,0,882861.6,59843.39,176422,106146
2020,IN,8,2,IN_8_2020,E THOMASINA MARSILI,LARRY BUCSHON,0,12,68480.01,1084250.52,95691,214643
2020,IN,9,2,IN_9_2020,ANDY RUFF,TREY HOLLINGSWORTH,0,6,136412.35,515280.47,122566,222057
2020,KS,1,2,KS_1_2020,KALI BARNETT,TRACEY MANN,0,12,596810.83,1282295.54,84393,208229
2020,KS,2,2,KS_2_2020,MICHELLE DE LA ISLA,JAKE LATURNER,0,2,1826448.2,1591626.35,136650,185464
2020,KS,3,2,KS_3_2020,SHARICE DAVIDS,AMANDA L ADKINS,4,2,5320319.13,2183399.98,220049,178773
2020,KS,4,2,KS_4_2020,LAURA LOMBARD,RON ESTES,2,4,270287.67,1429529.45,116166,203432
2020,KY,1,2,KY_1_2020,JAMES RHODES,JAMES COMER,0,6,0,507694.35,82141,246329
2020,KY,2,2,KY_2_2020,HANK LINDERMAN,BRETT GUTHRIE,4,14,71121.97,1579044.63,94643,255735
2020,KY,3,2,KY_3_2020,JOHN A YARMUTH,RHONDA PALAZZO,16,2,695281.39,46126.3,230672,137425
2020,KY,4,2,KY_4_2020,ALEXANDRA OWENSBY,THOMAS MASSIE,0,10,155997.49,1570704.21,125896,256613
2020,KY,5,2,KY_5_2020,MATTHEW RYAN BEST,HAROLD ROGERS,0,42,0,842842.86,47056,250914
2020,KY,6,2,KY_6_2020,JOSH HICKS,ANDY BARR,0,12,2992345.39,4391220.43,155011,216948
2020,LA,1,2,LA_1_2020,LEE ANN DUGAS,STEVE SCALISE,0,23,0,33728421.42,94730,270330
2020,LA,6,2,LA_6_2020,"DARTANYON ""DAW"" WILLIAMS",GARRET GRAVES,0,8,98113.62,1240249.26,95541,265706
2020,MA,2,2,MA_2_2020,JAMES P MCGOVERN,TRACY LYN LOVVORN,28,2,1093204.78,22318.6,249854,132220
2020,MA,4,2,MA_4_2020,JAKE AUCHINCLOSS,JULIE A HALL,2,2,2415437.25,134377.95,251102,160474
2020,MA,5,2,MA_5_2020,KATHERINE M CLARK,CAROLINE COLARUSSO,8,0,1542098.78,150639.05,294427,101351
2020,MA,6,2,MA_6_2020,SETH MOULTON,JOHN PAUL MORAN,8,0,1830882.51,304261.04,286377,150695
2020,MA,9,2,MA_9_2020,WILLIAM R KEATING,HELEN BRADY,12,0,652597.95,24135.31,260262,154261
2020,MD,1,2,MD_1_2020,MIA MASON,ANDY HARRIS,2,14,0,983299.56,143877,250901
2020,MD,2,2,MD_2_2020,C A DUTCH RUPPERSBERGER,JOHNNY RAY SALLING,20,0,938293.93,66895.4,224836,106355
2020,MD,3,2,MD_3_2020,JOHN P SARBANES,CHARLES ANTHONY,16,2,692302.65,6741.99,260358,112117
2020,MD,4,2,MD_4_2020,ANTHONY G BROWN,GEORGE E MCDERMOTT,6,0,855967.78,0,282119,71671
2020,MD,5,2,MD_5_2020,STENY H HOYER,CHRIS PALOMBI,40,2,4363890.74,45695.38,274210,123525
2020,MD,6,2,MD_6_2020,DAVID J TRONE,NEIL C PARROTT,6,2,2980058.01,262262.23,215540,143599
2020,MD,7,2,MD_7_2020,KWEISI MFUME,KIMBERLY KLACIK,36,0,715393.87,7502416.95,237084,92825
2020,MD,8,2,MD_8_2020,JAMIE RASKIN,GREGORY THOMAS COLL,6,2,1438141.88,27352.25,274716,127157
2020,ME,1,2,ME_1_2020,CHELLIE PINGREE,JAY T ALLEN,14,0,276671.26,69853.31,271004,165008
2020,ME,2,2,ME_2_2020,JARED F GOLDEN,DALE JOHN CRAFTS,4,0,5344641.06,1279586.58,197974,175228
2020,MI,1,2,MI_1_2020,DANA FERGUSON,JACK BERGMAN,0,6,346033.18,1850480.65,153328,256581
2020,MI,2,2,MI_2_2020,BRYAN BERGHOEF,BILL HUIZENGA,0,12,669911.7,1920126.16,154122,238711
2020,MI,3,2,MI_3_2020,HILLARY SCHOLTEN,PETER MEIJER,2,2,3813354.85,3412997.79,189769,213649
2020,MI,4,2,MI_4_2020,JERRY HILLIARD,JOHN R MOOLENAAR,4,8,41517.22,1042443.69,120802,242621
2020,MI,5,2,MI_5_2020,DANIEL T KILDEE,TIM KELLY,10,0,1511290.07,72426.67,196599,150772
2020,MI,6,2,MI_6_2020,JON HOADLEY,FRED UPTON,0,36,3117392.52,3494801.18,152085,211496
2020,MI,7,2,MI_7_2020,GRETCHEN D DRISKELL,TIM WALBERG,0,18,1762854.4,1601506.36,159743,227524
2020,MI,8,2,MI_8_2020,ELISSA SLOTKIN,PAUL JUNGE,4,2,7587944.33,2101990.08,217922,202525
2020,MI,9,2,MI_9_2020,ANDY LEVIN,CHARLES J LANGWORTHY,4,0,919436.78,0,230318,153296
2020,MI,10,2,MI_10_2020,KIMBERLY BIZON,LISA MCCLAIN,2,2,41245.65,2437181.42,138179,271607
2020,MI,11,2,MI_11_2020,HALEY M STEVENS,ERIC S ESSHAKI,4,0,5815452.57,1399308.51,226128,215405
2020,MI,12,2,MI_12_2020,DEBBIE DINGELL,JEFF JONES,8,4,1692360.02,9656.82,254957,117719
2020,MI,13,2,MI_13_2020,RASHIDA TLAIB,DAVID DUDENHOEFER,4,0,3769568.79,0,223205,53311
2020,MI,14,2,MI_14_2020,BRENDA L LAWRENCE,ROBERT VANCE PATRICK,10,0,792122.01,41973.26,271370,62664
2020,MN,1,2,MN_1_2020,DAN FEEHAN,JIM HAGEDORN,2,12,4885366.36,2343279.86,167890,179234
2020,MN,2,2,MN_2_2020,ANGIE CRAIG,TYLER KISTNER,6,2,4731913.51,3019788.03,204534,194954
2020,MN,3,2,MN_3_2020,DEAN PHILLIPS,KENDALL QUALLS,4,0,2215321.52,1776906.92,246666,196625
2020,MN,4,2,MN_4_2020,BETTY MCCOLLUM,GENE RECHTZIGEL,22,4,1001041.41,20075.05,245813,112730
2020,MN,5,2,MN_5_2020,ILHAN OMAR,LACY JOHNSON,4,0,5697933.66,12145455.75,255924,102878
2020,MN,6,2,MN_6_2020,TAWNJA ZAHRADKA,TOM EMMER,0,8,54214.37,2579116.7,140853,270901
2020,MN,7,2,MN_7_2020,COLLIN C PETERSON,MICHELLE FISCHBACH,38,2,2887984.21,2608185.58,144840,194066
2020,MN,8,2,MN_8_2020,QUINN NYSTROM,PETE STAUBER,0,4,1557163.52,2618059.12,147853,223432
2020,MO,1,2,MO_1_2020,CORI BUSH,ANTHONY ROGERS,4,0,1345333.87,0,249087,59940
2020,MO,2,2,MO_2_2020,JILL SCHUPP,ANN WAGNER,0,10,4849789,6568319.89,204540,233157
2020,MO,3,2,MO_3_2020,MEGAN REZABEK,BLAINE LUETKEMEYER,0,14,0,2085423.07,116095,282866
2020,MO,4,2,MO_4_2020,LINDSEY SIMMONS,VICKY HARTZLER,0,12,390437.54,1343060.47,107635,245247
2020,MO,5,2,MO_5_2020,EMANUEL CLEAVER,RYAN DERKS,18,0,950093.63,76947.69,207180,135934
2020,MO,6,2,MO_6_2020,GENA L ROSS,SAM GRAVES,0,22,10530.02,1655930.34,118926,258709
2020,MO,7,2,MO_7_2020,TERESA MONTSENY,BILLY LONG,0,12,0,1534977.2,98111,254318
2020,MO,8,2,MO_8_2020,KATHY ELLIS,JASON SMITH,2,8,307255.73,1516929.93,70561,253811
2020,MS,1,2,MS_1_2020,ANTONIA ELIASON,TRENT KELLY,0,6,18424.09,837435.66,104008,228787
2020,MS,2,2,MS_2_2020,BENNIE G THOMPSON,BRIAN FLOWERS,28,2,1099404.11,17890.71,196224,101010
2020,MS,3,2,MS_3_2020,"DOROTHY ""DOT"" BENFORD",MICHAEL GUEST,32,4,0,554150.37,120782,221064
2020,MT,0,2,MT_0_2020,KATHLEEN WILLIAMS,MATT ROSENDALE,2,8,6362944.5,3848139.8,262340,339169
2020,NC,1,2,NC_1_2020,G K BUTTERFIELD,SANDY SMITH,18,2,887752.32,1683098.91,188870,159748
2020,NC,2,2,NC_2_2020,DEBORAH K ROSS,ALAN D SWAIN,2,2,1840264.49,119441.48,311887,172544
2020,NC,3,2,NC_3_2020,DARYL FARROW,GREGORY F MURPHY,0,2,0,1612717.53,132752,229800
2020,NC,4,2,NC_4_2020,DAVID E PRICE,ROBERT THOMAS,46,2,1030190.93,0,332421,161298
2020,NC,5,2,NC_5_2020,DAVID WILSON BROWN,VIRGINIA FOXX,2,18,60667.5,1963676,119846,257843
2020,NC,6,2,NC_6_2020,KATHY MANNING,LEE HAYWOOD,4,2,1769590.44,58341.56,253531,153598
2020,NC,7,2,NC_7_2020,CHRISTOPHER M WARD,DAVID ROUZER,0,10,4118.51,1052924.78,179045,272443
2020,NC,8,2,NC_8_2020,PATRICIA TIMMONS-GOODSON,RICHARD HUDSON,0,10,3931198.45,4404937.99,177781,202774
2020,NC,9,2,NC_9_2020,CYNTHIA L WALLACE,DAN BISHOP,0,2,808399.89,4350726.69,179463,224661
2020,NC,10,2,NC_10_2020,DAVID PARKER,PATRICK T MCHENRY,0,18,32121.46,2351361.46,128189,284095
2020,NC,11,2,NC_11_2020,MOE DAVIS,MADISON CAWTHORN,2,2,2176405.43,4612370.54,190609,245351
2020,NC,13,2,NC_13_2020,SCOTT HUFFMAN,TED BUDD,4,6,190966.87,1324658.73,124684,267181
2020,NE,1,2,NE_1_2020,KATE BOLZ,JEFF FORTENBERRY,0,18,1145896.56,2465446.06,119622,189006
2020,NE,2,2,NE_2_2020,KARA EASTMAN,DON BACON,2,6,4578198.75,3755143.73,155706,171071
2020,NE,3,2,NE_3_2020,MARK ELWORTH JR,ADRIAN SMITH,2,16,0,1153644.41,50690,225157
2020,NH,1,2,NH_1_2020,CHRIS PAPPAS,MATT MOWERS,4,2,3122213.85,1758300.07,205606,185159
2020,NH,2,2,NH_2_2020,ANN M KUSTER,STEVEN NEGRON,12,2,3055351.43,459541.62,208289,168886
2020,NJ,1,2,NJ_1_2020,DONALD NORCROSS,CLAIRE H GUSTAFSON,8,8,1102256.91,21761.17,240567,144463
2020,NJ,2,2,NJ_2_2020,AMY KENNEDY,JEFFERSON VAN DREW,0,4,5042549.44,4138860.95,173849,195526
2020,NJ,3,2,NJ_3_2020,ANDY KIM,DAVID RICHTER,4,0,6869993.74,1555148.13,229840,196327
2020,NJ,4,2,NJ_4_2020,STEPHANIE SCHMID,CHRISTOPHER H SMITH,0,44,760175.5,1288378.48,162420,254103
2020,NJ,5,2,NJ_5_2020,JOSH GOTTHEIMER,FRANK T PALLOTTA,6,2,3593230.36,2077177.03,225175,193333
2020,NJ,6,2,NJ_6_2020,FRANK PALLONE JR,CHRISTIAN ONUOHA,34,0,2030032.81,0,199648,126760
2020,NJ,7,2,NJ_7_2020,TOM MALINOWSKI,THOMAS H KEAN JR,4,2,7503596.87,3840650.57,219629,214318
2020,NJ,8,2,NJ_8_2020,ALBIO SIRES,JASON TODD MUSHNICK,16,0,551324.8,0,176758,58686
2020,NJ,9,2,NJ_9_2020,BILL PASCRELL JR,BILLY PREMPEH,26,2,1842258.71,35075.01,203674,98629
2020,NJ,10,2,NJ_10_2020,DONALD M PAYNE JR,JENNIFER ZINONE,10,0,464776.89,0,241522,40298
2020,NJ,11,2,NJ_11_2020,MIKIE SHERRILL,ROSEMARY BECCHI,4,0,3807868.3,1697769.2,235163,206013
2020,NJ,12,2,NJ_12_2020,BONNIE WATSON COLEMAN,MARK RAZZOLI,8,0,848941.86,1142.41,230883,114591
2020,NM,1,2,NM_1_2020,DEBRA A HAALAND,MICHELLE GARCIA HOLMES,4,2,1903520.46,383583.73,186953,134337
2020,NM,2,2,NM_2_2020,XOCHITL TORRES SMALL,YVETTE HERRELL,2,4,8630945.41,2984195.58,122546,142283
2020,NM,3,2,NM_3_2020,TERESA LEGER FERNANDEZ,ALEXIS M JOHNSON,0,0,0,156175.45,186282,131166
2020,NV,1,2,NV_1_2020,DINA TITUS,JOYCE BENTLEY,14,2,589979.09,0,137868,74490
2020,NV,2,2,NV_2_2020,PATRICIA ACKERMAN,MARK E AMODEI,0,10,460921.44,1048739.27,155780,216078
2020,NV,3,2,NV_3_2020,SUSIE LEE,"DAN ""BIG DAN"" RODIMER",6,0,4781542.68,3131213.48,203421,190975
2020,NV,4,2,NV_4_2020,STEVEN HORSFORD,JIM MARCHANT,10,0,3048784.98,1550714.52,168457,152284
2020,NY,1,2,NY_1_2020,NANCY S GOROFF,LEE M ZELDIN,0,14,7936371.58,8282563.49,160978,180855
2020,NY,2,2,NY_2_2020,JACKIE GORDON,ANDREW R GARBARINO,2,2,4362662.68,1664775.69,144849,158151
2020,NY,3,2,NY_3_2020,THOMAS R SUOZZI,GEORGE AD SANTOS,6,2,2350850.41,638536.54,196056,147461
2020,NY,4,2,NY_4_2020,KATHLEEN M RICE,DOUGLAS L TUMAN,8,0,1228432.21,132223.76,199762,139559
2020,NY,6,2,NY_6_2020,GRACE MENG,THOMAS J ZMICH,10,2,1876468.17,133178.45,144149,67735
2020,NY,7,2,NY_7_2020,NYDIA M VELAZQUEZ,BRIAN W KELLY,30,0,694477,0,156889,29404
2020,NY,8,2,NY_8_2020,HAKEEM S JEFFRIES,GARFIELD H WALLACE,10,0,3325840.58,0,207111,39124
2020,NY,9,2,NY_9_2020,YVETTE D CLARKE,CONSTANTINE JEAN-PIERRE,18,0,1205204.66,0,195758,40110
2020,NY,10,2,NY_10_2020,JERROLD L NADLER,CATHY A BERNSTEIN,30,0,1960859.83,28384.03,181215,61045
2020,NY,11,2,NY_11_2020,MAX N ROSE,NICOLE MALLIOTAKIS,2,2,9537934.79,3483560.24,134625,143420
2020,NY,12,2,NY_12_2020,CAROLYN B MALONEY,CARLOS SANTIAGO-CANO,30,0,3061751.82,0,265172,49157
2020,NY,13,2,NY_13_2020,ADRIANO ESPAILLAT,LOVELYNN GWINN,10,0,1256042.26,41348.2,202916,19829
2020,NY,14,2,NY_14_2020,ALEXANDRIA OCASIO-CORTEZ,JOHN C CUMMINGS,4,0,17506284.55,11015378.43,152661,52477
2020,NY,15,2,NY_15_2020,RITCHIE TORRES,PATRICK DELICES,2,0,1831234.32,0,169533,18984
2020,NY,17,2,NY_17_2020,MONDAIRE JONES,MAUREEN MCARDLE SCHULMAN,2,0,2207871.28,60083.7,183976,117309
2020,NY,18,2,NY_18_2020,SEAN PATRICK MALONEY,CHELE C FARLEY,10,0,1769856.47,1152738.15,171161,128611
2020,NY,19,2,NY_19_2020,ANTONIO DELGADO,KYLE VAN DE WATER,4,2,3034333.02,121091.5,168281,151475
2020,NY,20,2,NY_20_2020,PAUL D TONKO,ELIZABETH L JOY,14,2,1424284.83,346623.66,194071,120839
2020,NY,21,2,NY_21_2020,TEDRA L COBB,ELISE M STEFANIK,2,8,5700135.97,11718616.84,122422,169684
2020,NY,22,2,NY_22_2020,ANTHONY J BRINDISI,CLAUDIA TENNEY,4,8,5901341.91,2800346.36,138898,143291
2020,NY,23,2,NY_23_2020,TRACY MITRANO,TOM REED,2,12,1563883.63,3202933.44,116025,161800
2020,NY,24,2,NY_24_2020,DANA BALTER,JOHN M KATKO,2,8,3290591.1,3615240.79,147877,156236
2020,NY,25,2,NY_25_2020,JOSEPH D MORELLE,GEORGE MITRIS,4,0,1317024.89,279047.05,187503,115940
2020,NY,26,2,NY_26_2020,BRIAN HIGGINS,RICKY T DONOVAN SR,18,0,988667.46,0,202400,91706
2020,NY,27,2,NY_27_2020,NATHAN D MCMURRAY,CHRIS JACOBS,0,2,0,2089854.64,136686,192619
2020,OH,1,2,OH_1_2020,KATE SCHRODER,STEVE CHABOT,0,34,4072238.34,2888368.93,172022,199560
2020,OH,2,2,OH_2_2020,JAIME M CASTLE,BRAD R WENSTRUP,0,10,279714.21,1764297.55,146781,230430
2020,OH,3,2,OH_3_2020,JOYCE BEATTY,MARK F RICHARDSON,10,0,2551301.54,0,227420,93569
2020,OH,4,2,OH_4_2020,SHANNON M FRESHOUR,JIM JORDAN,0,16,0,13268968.45,101897,235875
2020,OH,5,2,OH_5_2020,NICK RUBANDO,ROBERT E LATTA,0,34,253828.84,1490979.38,120962,257019
2020,OH,6,2,OH_6_2020,SHAWNA ROBERTS,BILL JOHNSON,4,12,574.4,1852524.89,85661,249130
2020,OH,7,2,OH_7_2020,QUENTIN POTTER,BOB GIBBS,0,12,13895.81,453928.25,102271,236607
2020,OH,8,2,OH_8_2020,VANESSA ENOCH,WARREN DAVIDSON,4,6,43542.85,854734.83,110766,246277
2020,OH,9,2,OH_9_2020,MARCY KAPTUR,ROB WEBER,40,0,987297.77,123262.38,190328,111385
2020,OH,10,2,OH_10_2020,DESIREE TIMS,MICHAEL R TURNER,0,20,2053237.92,1748901.36,151976,212972
2020,OH,11,2,OH_11_2020,MARCIA L FUDGE,LAVERNE GORE,14,2,526535.21,164194.91,242098,60323
2020,OH,12,2,OH_12_2020,ALAINA SHEARER,TROY BALDERSON,2,4,1032453,1999772.89,182847,241790
2020,OH,13,2,OH_13_2020,TIM RYAN,CHRISTINA M HAGAN,20,2,2089544.91,830559.7,173631,148648
2020,OH,14,2,OH_14_2020,HILLARY O'CONNOR MUERI,DAVID P JOYCE,0,10,574898.98,2526144.67,158586,238864
2020,OH,15,2,OH_15_2020,JOEL NEWBY,STEVE STIVERS,0,14,56016.96,2305320.33,140183,243103
2020,OH,16,2,OH_16_2020,AARON PAUL GODFREY,ANTHONY GONZALEZ,4,4,60429.54,1895208.47,144071,247335
2020,OK,1,2,OK_1_2020,KOJO ASAMOA-CAESAR,KEVIN HERN,0,4,210928.26,1160066.41,109641,213700
2020,OK,2,2,OK_2_2020,DANYELL LANIER,MARKWAYNE MULLIN,0,10,42015.27,1088383.88,63472,216511
2020,OK,3,2,OK_3_2020,ZOE MIDYETT,FRANK D LUCAS,0,28,0,1045125.94,66501,242677
2020,OK,4,2,OK_4_2020,MARY BRANNON,TOM COLE,4,20,6638.97,1757230.27,90459,213096
2020,OK,5,2,OK_5_2020,KENDRA S HORN,STEPHANIE BICE,2,2,5976536.82,3567879.35,145658,158191
2020,OR,1,2,OR_1_2020,SUZANNE BONAMICI,CHRISTOPHER C CHRISTENSEN,10,0,867300.6,771.77,297071,161928
2020,OR,2,2,OR_2_2020,ALEX SPENSER,CLIFF BENTZ,0,2,25524.55,1363581.04,168881,273835
2020,OR,3,2,OR_3_2020,EARL BLUMENAUER,JOANNA HARBOUR,26,2,1963949.31,14502.36,343574,110570
2020,OR,4,2,OR_4_2020,PETER A DEFAZIO,ALEK SKARLATOS,36,2,5884593.25,5338964.33,240950,216081
2020,OR,5,2,OR_5_2020,KURT SCHRADER,AMY RYAN COURSER,14,2,1937976.57,221541.97,234863,204372
2020,PA,1,2,PA_1_2020,CHRISTINA FINELLO,BRIAN K FITZPATRICK,0,6,2370813.92,4309027.55,191875,249804
2020,PA,2,2,PA_2_2020,BRENDAN F BOYLE,DAVID TORRES,8,2,760250.39,0,198140,75022
2020,PA,3,2,PA_3_2020,DWIGHT EVANS,MICHAEL HARVEY,6,0,786062.98,0,341708,33671
2020,PA,4,2,PA_4_2020,MADELEINE DEAN CUNNANE,KATHY BARNETTE,0,0,0,918151.56,264637,179926
2020,PA,5,2,PA_5_2020,MARY GAY SCANLON,DASHA PRUETT,4,2,1374969.35,85736.53,255743,139552
2020,PA,6,2,PA_6_2020,CHRISSY J HOULAHAN,JOHN WILLIAM EMMONS,4,0,1419800.16,801516.01,226440,177526
2020,PA,7,2,PA_7_2020,SUSAN ELLIS WILD,LISA SCHELLER,4,2,4591501.23,3661738.3,195475,181407
2020,PA,8,2,PA_8_2020,MATTHEW ALTON CARTWRIGHT,JAMES ROCCO BOGNET,10,2,4214642.61,1407261.66,178004,165783
2020,PA,9,2,PA_9_2020,GARY STEVEN WEGMAN,DANIEL PHILIP MEUSER,4,14,213639.61,945604.02,118266,232988
2020,PA,10,2,PA_10_2020,EUGENE A DEPASQUALE,SCOTT G PERRY,2,10,4538350.26,3905339.93,182938,208896
2020,PA,11,2,PA_11_2020,SARAH E HAMMOND,LLOYD K SMUCKER,0,6,23458.48,671774.32,141325,241915
2020,PA,12,2,PA_12_2020,LEE GRIFFIN,FREDERICK B KELLER,0,2,61042.22,1087700.69,99199,241035
2020,PA,13,2,PA_13_2020,RAYMOND TODD ROWLEY,JOHN JOYCE,0,4,67527.28,477893.24,96612,267789
2020,PA,14,2,PA_14_2020,WILLIAM A MARX,GUY RESCHENTHALER,0,4,45959.25,1594661.35,131895,241688
2020,PA,15,2,PA_15_2020,ROBERT M WILLIAMS,GLENN W THOMPSON JR,0,14,0,1866009.26,92156,255058
2020,PA,16,2,PA_16_2020,KRISTY MARIE GNIBUS,GEORGE J KELLY JR,0,12,588883.83,1380453.45,143962,210088
2020,PA,17,2,PA_17_2020,CONOR J LAMB,RICHARD SEAN PARNELL,4,0,3528796.6,3788168.77,222253,212284
2020,PA,18,2,PA_18_2020,MICHAEL F DOYLE JR,LUKE EDISON NEGRON,28,0,1003462.76,58837.12,266084,118163
2020,RI,2,2,RI_2_2020,JAMES R LANGEVIN,ROBERT B LANCIA,22,2,1428507.99,49076.66,154086,109894
2020,SC,1,2,SC_1_2020,JOE CUNNINGHAM,NANCY MACE,0,2,0,5813666.36,210627,216042
2020,SC,2,2,SC_2_2020,ADAIR FORD BOROUGHS,JOE WILSON,0,21,2535073.49,1762180.03,155118,202715
2020,SC,3,2,SC_3_2020,HOSEA CLEVELAND,JEFF DUNCAN,6,12,45106.65,1289577.88,95712,237544
2020,SC,4,2,SC_4_2020,KIM NELSON,WILLIAM R TIMMONS IV,0,4,168543.26,1368033.07,133023,222126
2020,SC,5,2,SC_5_2020,MOE BROWN,RALPH NORMAN,0,4,484305.45,910151.33,145979,220006
2020,SC,6,2,SC_6_2020,JAMES E CLYBURN,JOHN MCCOLLUM,30,0,2372934.32,0,197477,89258
2020,SC,7,2,SC_7_2020,MELISSA WARD WATSON,TOM RICE,0,10,150747.75,1252457.81,138863,224993
2020,TN,1,2,TN_1_2020,BLAIR WALSINGHAM,DIANA HARSHBARGER,0,2,177548,1870825.67,68617,228181
2020,TN,2,2,TN_2_2020,RENEE HOYOS,TIM BURCHETT,2,4,819397.3,889218.07,109684,238907
2020,TN,3,2,TN_3_2020,MEG GORMAN,"CHARLES J ""CHUCK"" FLEISCHMANN",0,12,78581.05,387211.2,97687,215571
2020,TN,4,2,TN_4_2020,CHRISTOPHER J HALE,SCOTT DESJARLAIS,2,12,310020.83,393313.56,111908,223802
2020,TN,6,2,TN_6_2020,CHRISTOPHER MARTIN FINLEY,JOHN W ROSE,0,4,0,1158244.39,83852,257572
2020,TN,7,2,TN_7_2020,KIRAN SREEPADA,MARK E GREEN,0,4,207190.98,1025486.67,95839,245188
2020,TN,8,2,TN_8_2020,ERIKA STOTTS PEARSON,DAVID KUSTOFF,4,20,16085.01,1076429.64,97890,227216
2020,TN,9,2,TN_9_2020,STEVE COHEN,CHARLOTTE BERGMANN,26,0,458671.14,0,187905,48818
2020,TX,1,2,TX_1_2020,HANK GILBERT,LOUIE GOHMERT,0,18,790612.07,592388.13,83016,219726
2020,TX,2,2,TX_2_2020,SIMA LADJEVARDIAN,DAN CRENSHAW,0,4,3886672.48,17654095.49,148374,192828
2020,TX,3,2,TX_3_2020,LULU SEIKALY,VAN TAYLOR,0,4,1654038.39,3277899.3,179458,230512
2020,TX,4,2,TX_4_2020,RUSSELL FOSTER,PAT FALLON,2,2,0,95067.54,76326,253837
2020,TX,5,2,TX_5_2020,CAROLYN SALTER,LANCE GOODEN,0,4,290261.65,1311982.56,100743,173836
2020,TX,6,2,TX_6_2020,STEPHEN DANIEL,RON WRIGHT,0,4,678986.91,919091.38,149530,179507
2020,TX,7,2,TX_7_2020,LIZZIE FLETCHER,WESLEY HUNT,4,2,6386609.67,7387924.47,159529,149054
2020,TX,8,2,TX_8_2020,ELIZABETH HERNANDEZ,KEVIN BRADY,0,26,15160.97,3200482.04,97409,277327
2020,TX,9,2,TX_9_2020,AL GREEN,JOHNNY TEAGUE,18,2,502385.88,88365.87,172938,49575
2020,TX,10,2,TX_10_2020,MIKE SIEGEL,MICHAEL T MCCAUL,0,18,0,3927931.12,187686,217216
2020,TX,11,2,TX_11_2020,JON MARK HOGG,AUGUST PFLUGER,0,2,135733.05,2004399.77,53394,232568
2020,TX,12,2,TX_12_2020,LISA WELCH,KAY GRANGER,0,26,122387.97,3358466.3,121250,233853
2020,TX,13,2,TX_13_2020,GUS TRUJILLO,RONNY JACKSON,0,2,18820.36,1764055.19,50477,217124
2020,TX,14,2,TX_14_2020,ADRIENNE BELL,RANDY K WEBER SR,2,10,245174.73,929316.83,118574,190541
2020,TX,15,2,TX_15_2020,VICENTE GONZALEZ,MONICA DE LA CRUZ-HERNANDEZ,6,2,907999.77,416551.57,115605,109017
2020,TX,16,2,TX_16_2020,VERONICA ESCOBAR,IRENE ARMENDARIZ-JACKSON,4,2,1089249.97,156171,154108,84006
2020,TX,17,2,TX_17_2020,RICK KENNEDY,PETE SESSIONS,2,31,218253.3,1696588.07,125565,171390
2020,TX,18,2,TX_18_2020,SHEILA JACKSON LEE,WENDELL CHAMPION,28,0,874961.29,274172.2,180952,58033
2020,TX,19,2,TX_19_2020,TOM WATSON,JODEY C ARRINGTON,0,6,60805.62,1970964.11,60583,198198
2020,TX,20,2,TX_20_2020,JOAQUIN CASTRO,MAURO GARZA,10,4,718441.75,240930.37,175078,89628
2020,TX,21,2,TX_21_2020,WENDY R DAVIS,CHIP ROY,0,4,10366864.91,4771749.89,205780,235740
2020,TX,22,2,TX_22_2020,SRI PRESTON KULKARNI,TROY NEHLS,2,2,5772741.67,1798160.47,181998,210259
2020,TX,23,2,TX_23_2020,GINA ORTIZ JONES,TONY GONZALES,0,2,18963.52,2851613.33,137693,149395
2020,TX,24,2,TX_24_2020,CANDACE VALENZUELA,BETH VAN DUYNE,0,2,4933058.54,3361913.32,163326,167910
2020,TX,25,2,TX_25_2020,JULIE OLIVER,ROGER WILLIAMS,2,10,2214190.51,3358150.96,165697,220088
2020,TX,26,2,TX_26_2020,CAROL H IANNUZZI,MICHAEL C BURGESS,0,20,121500.58,2102029.75,161009,261963
2020,TX,27,2,TX_27_2020,"RICARDO ""RICK"" DE LA FUENTE",MICHAEL CLOUD,0,4,1262407.84,834592.18,95466,172305
2020,TX,28,2,TX_28_2020,HENRY CUELLAR,SANDRA WHITTEN,20,2,3747550.47,27427.88,137494,91925
2020,TX,29,2,TX_29_2020,SYLVIA R GARCIA,JAIMY Z BLANCO,4,2,795553,0,111305,42840
2020,TX,30,2,TX_30_2020,EDDIE BERNICE JOHNSON,TRE PENNIE,30,2,496546.98,305887.93,204928,48685
2020,TX,31,2,TX_31_2020,DONNA IMAM,JOHN R CARTER,2,20,1242218.22,2223167.18,176293,212695
2020,TX,32,2,TX_32_2020,COLIN Z ALLRED,GENEVIEVE COLLINS,4,2,5721622.7,6006854.31,178542,157867
2020,TX,33,2,TX_33_2020,MARC A VEASEY,FABIAN CORDOVA VASQUEZ,10,0,1631328.46,25584.96,105317,39638
2020,TX,34,2,TX_34_2020,FILEMON VELA,REY GONZALEZ,10,4,1034382.25,37445.83,111439,84119
2020,TX,35,2,TX_35_2020,LLOYD DOGGETT,JENNY GARCIA SHARON,28,2,425736.96,14442.45,176373,80795
2020,TX,36,2,TX_36_2020,RASHAD LEWIS,BRIAN BABIN,0,26,12277.65,1310866.02,73418,222712
2020,UT,1,2,UT_1_2020,DARREN PARRY,BLAKE DAVID MOORE,0,2,44486.63,835315.33,104194,237988
2020,UT,2,2,UT_2_2020,KAEL WESTON,CHRIS STEWART,0,10,307704.78,929210.17,129762,208997
2020,UT,3,2,UT_3_2020,DEVIN D THORPE,JOHN R CURTIS,0,4,191088.2,718455.03,96067,246674
2020,UT,4,2,UT_4_2020,BEN MCADAMS,BURGESS OWENS,2,2,5580074.1,5068995.95,175923,179688
2020,VA,1,2,VA_1_2020,QASIM RASHID,ROBERT J WITTMAN,0,14,1592852.54,2190582.01,186923,260614
2020,VA,2,2,VA_2_2020,ELAINE G LURIA,SCOTT W TAYLOR,4,10,6556703.99,2511988.95,185733,165031
2020,VA,3,2,VA_3_2020,"ROBERT C ""BOBBY"" SCOTT",JOHN W COLLICK JR,36,2,837219.09,173057.41,233326,107299
2020,VA,4,2,VA_4_2020,A DONALD MCEACHIN,LEON BENJAMIN SR,6,2,988770.9,524688.86,241142,149625
2020,VA,5,2,VA_5_2020,B CAMERON WEBB,"ROBERT G ""BOB"" GOOD",0,2,5782803.89,1328692.64,190315,210988
2020,VA,6,2,VA_6_2020,NICHOLAS A BETTS,BEN CLINE,0,4,57705.36,680286.14,134729,246606
2020,VA,7,2,VA_7_2020,ABIGAIL DAVIS SPANBERGER,NICK J FREITAS,4,0,7959480.65,3640943.04,230893,222623
2020,VA,8,2,VA_8_2020,DONALD S BEYER JR,JEFF A JORDAN,8,0,2077822.52,103259.95,301454,95365
2020,VA,10,2,VA_10_2020,JENNIFER WEXTON,ALISCIA N ANDREWS,4,0,1901911.61,1419877.44,268734,206253
2020,VA,11,2,VA_11_2020,GERALD E CONNOLLY,MANGA A ANANTATMULA,14,2,1832941.47,268325.5,280725,111380
2020,VT,0,2,VT_0_2020,PETER WELCH,MIRIAM BERRY,16,0,869590.98,0,238827,95830
2020,WA,1,2,WA_1_2020,SUZAN K DELBENE,JEFFREY BEELER SR,12,2,1903677.43,62279.24,249944,176407
2020,WA,2,2,WA_2_2020,RICK LARSEN,TIMOTHY S HAZELO,22,0,1227913.57,49322.02,255252,148384
2020,WA,3,2,WA_3_2020,CAROLYN LONG,JAIME HERRERA BEUTLER,2,0,4199935.7,4586793.79,181347,235579
2020,WA,4,2,WA_4_2020,DOUGLAS E MCKINLEY,DAN NEWHOUSE,4,8,58325.87,1002461.07,102667,202108
2020,WA,5,2,WA_5_2020,DAVE WILSON,CATHY MCMORRIS RODGERS,0,18,112782.51,3503094.11,155737,247815
2020,WA,6,2,WA_6_2020,DEREK KILMER,ELIZABETH KREISELMAIER,10,2,2564803.41,145108.01,247429,168783
2020,WA,7,2,WA_7_2020,PRAMILA JAYAPAL,CRAIG KELLER,6,6,1555769.06,5443,387109,78240
2020,WA,8,2,WA_8_2020,KIM SCHRIER,JESSE JENSEN,4,2,3804548.53,847466.89,213123,198423
2020,WA,9,2,WA_9_2020,ADAM SMITH,DOUG BASLER,26,8,933144.97,18521.68,258771,89697
2020,WA,10,2,WA_10_2020,BETH DOGLIO,Null,0,Null,1483736.39,Null,121040,Null
2020,WI,1,2,WI_1_2020,ROGER POLACK,BRYAN STEIL,0,4,537550.56,3172844.5,163170,238271
2020,WI,2,2,WI_2_2020,MARK POCAN,PETER THERON,10,14,1017815.48,46122.41,318523,138306
2020,WI,3,2,WI_3_2020,RON KIND,DERRICK VAN ORDEN,26,2,4450117.34,1988034.2,199870,189524
2020,WI,4,2,WI_4_2020,GWEN MOORE,TIM ROGERS,18,4,1181900.52,0,232668,70769
2020,WI,5,2,WI_5_2020,TOM PALZEWICZ,SCOTT FITZGERALD,2,2,371899.41,969889.59,175902,265434
2020,WI,6,2,WI_6_2020,JESSICA J KING,GLENN GROTHMAN,0,8,252835.16,1750819.12,164239,238874
2020,WI,7,2,WI_7_2020,TRICIA ZUNKER,THOMAS P TIFFANY,0,2,1247242.62,2529735.4,162741,252048
2020,WI,8,2,WI_8_2020,AMANDA STUCK,MIKE GALLAGHER,0,6,407495.73,2935203.55,149558,268173
2020,WV,1,2,WV_1_2020,NATALIE CLINE,DAVID B MCKINLEY,0,12,82052.28,1088038.52,81177,180488
2020,WV,2,2,WV_2_2020,CATHY KUNKEL,ALEXANDER X MOONEY,0,8,649360.28,859927.11,100799,172195
2020,WV,3,2,WV_3_2020,HILARY TURNER,CAROL D MILLER,0,4,98768.58,763796.42,64927,161585
2020,WY,0,2,WY_0_2020,LYNNETTE GREY BULL,LIZ CHENEY,2,6,132285.65,3066534.91,66576,185732